file,start,end,pred
81,0,12400,<silence>
81,12400,12580,<silence>
81,12580,12720,<silence>
81,12720,12920,<silence>
81,12920,13060,い
81,13060,13240,い
81,13240,13400,い
81,13400,13720,い
81,13720,13900,い
81,13900,14060,い
81,14060,14540,<silence>
81,14540,14720,い
81,14720,15220,<silence>
81,15220,15380,い
81,15380,17580,<silence>
81,17580,17980,い
81,17980,18160,い
81,18160,18280,い
81,18280,18340,い
81,18340,18520,い
81,18520,18680,い
81,18680,19020,い
81,19020,19340,い
81,19340,19660,い
81,19660,20000,い
81,20000,20320,い
81,20320,20500,い
81,20500,22040,<silence>
81,22040,22400,い
81,22400,22460,い
81,22460,22820,<silence>
81,22820,23120,い
81,23120,23280,い
81,23280,23620,い
81,23620,23780,い
81,23780,23940,い
81,23940,24280,<silence>
81,24280,24440,<silence>
81,24440,25080,<silence>
81,25080,25420,つ
81,25420,25680,の
81,25680,25760,ん
81,25760,25940,も
81,25940,26260,う
81,26260,26400,し
81,26400,26600,こ
81,26600,26920,ん
81,26920,28340,る
81,28340,28720,う
81,28720,29060,う
81,29060,29400,こ
81,29400,29720,ぼ
81,29720,30060,を
81,30060,30560,す
81,30560,31040,う
81,31040,32960,つ
81,32960,33260,ん
81,33260,33320,う
81,33320,33840,う
81,33840,33960,て
81,33960,34300,<silence>
81,34300,34500,<silence>
81,34500,34820,<silence>
81,34820,35000,<silence>
81,35000,35580,<silence>
81,35580,35980,<silence>
81,35980,36320,す
81,36320,36480,と
81,36480,36820,す
81,36820,37140,う
81,37140,37440,ん
81,37440,37620,す
81,37620,38280,う
81,38280,38620,ん
81,38620,39040,た
81,39040,39260,う
81,39260,39600,ぱ
81,39600,39920,わ
81,39920,40260,つ
81,40260,40600,ん
81,40600,40920,す
81,40920,41260,く
81,41260,41780,す
81,41780,42080,る
81,42080,42260,い
81,42260,43540,い
81,43540,43880,る
81,43880,44220,<silence>
81,44220,44380,<silence>
81,44380,44720,<silence>
81,44720,45060,<silence>
81,45060,45420,ら
81,45420,45480,う
81,45480,45520,う
81,45520,45860,ん
81,45860,46040,ん
81,46040,46220,ん
81,46220,46380,て
81,46380,46520,す
81,46520,46780,つ
81,46780,47200,<silence>
81,47200,47460,た
81,47460,47580,す
81,47580,47680,さ
81,47680,47860,ん
81,47860,48400,め
81,48400,48640,ん
81,48640,48840,う
81,48840,49020,た
81,49020,49160,ん
81,49160,49660,い
81,49660,50140,く
81,50140,50560,ぱ
81,50560,50660,ら
81,50660,51000,す
81,51000,51160,ん
81,51160,51400,う
81,51400,51660,し
81,51660,52300,う
81,52300,52800,す
81,52800,53280,め
81,53280,53460,え
81,53460,53800,ん
81,53800,54280,み
81,54280,54600,い
81,54600,54780,い
81,54780,56140,い
81,56140,56680,<silence>
81,56680,57060,<silence>
81,57060,57400,<silence>
81,57400,57580,と
81,57580,57880,ん
81,57880,58500,な
81,58500,58680,い
81,58680,59060,た
81,59060,59320,ん
81,59320,59540,ん
81,59540,59700,い
81,59700,60200,る
81,60200,61120,ね
81,61120,61320,て
81,61320,61700,ね
81,61700,61940,う
81,61940,62180,く
81,62180,62360,わ
81,62360,62800,お
81,62800,62840,ん
81,62840,62940,い
81,62940,63660,を
81,63660,64020,う
81,64020,64240,う
81,64240,64580,う
81,64580,64660,う
81,64660,65000,<silence>
81,65000,65500,<silence>
81,65500,65660,<silence>
81,65660,66860,<silence>
81,66860,67120,い
81,67120,67300,い
81,67300,67460,ん
81,67460,67620,く
81,67620,67960,<silence>
81,67960,68120,て
81,68120,68460,れ
81,68460,68780,ん
81,68780,69280,く
81,69280,70300,う
81,70300,70560,な
81,70560,70760,ん
81,70760,71080,く
81,71080,71420,<silence>
81,71420,71740,す
81,71740,71900,し
81,71900,72680,せ
81,72680,73740,<silence>
81,73740,74080,な
81,74080,74400,う
81,74400,75540,た
81,75540,76020,い
81,76020,76220,す
81,76220,76420,す
81,76420,76700,ま
81,76700,76860,い
81,76860,77320,い
81,77320,77520,い
81,77520,77760,い
81,77760,78120,い
81,78120,78160,い
81,78160,78680,<silence>
81,78680,78860,み
81,78860,79140,の
81,79140,79760,で
81,79760,79800,く
81,79800,80140,た
81,80140,80400,ん
81,80400,80640,ん
81,80640,80820,え
81,80820,81140,い
81,81140,82200,た
81,82200,82420,ん
81,82420,82780,と
81,82780,83040,い
81,83040,83300,ん
81,83300,83460,ん
81,83460,84080,す
81,84080,84440,く
81,84440,85420,ね
81,85420,86080,い
81,86080,86760,い
81,86760,86940,す
81,86940,87740,く
81,87740,88080,と
81,88080,88560,う
81,88560,89040,と
81,89040,89160,ん
81,89160,90520,す
81,90520,90840,う
81,90840,91040,ん
81,91040,91200,な
81,91200,91380,ん
81,91380,91680,ん
81,91680,91860,つ
81,91860,92180,す
81,92180,92460,く
81,92460,92840,す
81,92840,93000,う
81,93000,93620,く
81,93620,93800,と
81,93800,94000,ん
81,94000,94340,す
81,94340,94500,ぶ
81,94500,94820,す
81,94820,95140,そ
81,95140,95640,う
81,95640,95980,と
81,95980,96320,さ
81,96320,96960,う
81,96960,97300,<silence>
81,97300,97560,た
81,97560,97780,め
81,97780,97980,ん
81,97980,98440,に
81,98440,98620,い
81,98620,99300,る
81,99300,100840,<silence>
81,100840,100900,ん
81,100900,101260,<silence>
81,101260,101500,く
81,101500,101940,の
81,101940,101980,し
81,101980,102240,す
81,102240,102420,ま
81,102420,109760,<silence>
83,0,15440,<silence>
83,15440,15840,い
83,15840,16020,い
83,16020,16160,い
83,16160,16440,い
83,16440,16800,<silence>
83,16800,17000,ん
83,17000,17400,<silence>
83,17400,17760,<silence>
83,17760,17960,い
83,17960,18540,い
83,18540,18720,い
83,18720,18920,い
83,18920,19080,い
83,19080,19200,ん
83,19200,19500,<silence>
83,19500,19700,い
83,19700,19860,い
83,19860,20060,い
83,20060,20260,い
83,20260,20420,い
83,20420,20820,<silence>
83,20820,22480,<silence>
83,22480,22740,<silence>
83,22740,23980,<silence>
83,23980,24060,い
83,24060,24260,ん
83,24260,24460,い
83,24460,24840,<silence>
83,24840,25020,い
83,25020,25580,<silence>
83,25580,27660,<silence>
83,27660,28080,<silence>
83,28080,28380,い
83,28380,28660,い
83,28660,28840,い
83,28840,29640,<silence>
83,29640,30180,<silence>
83,30180,30720,<silence>
83,30720,30940,ぷ
83,30940,31140,ぜ
83,31140,31340,い
83,31340,31440,い
83,31440,31700,ん
83,31700,31900,ま
83,31900,32100,ん
83,32100,32280,で
83,32280,32680,す
83,32680,32980,く
83,32980,33240,な
83,33240,34020,い
83,34020,34300,ま
83,34300,34340,ん
83,34340,34580,ん
83,34580,34960,く
83,34960,35220,を
83,35220,35540,う
83,35540,36120,る
83,36120,36280,ん
83,36280,36400,ん
83,36400,36500,ん
83,36500,36780,ん
83,36780,37060,ん
83,37060,37220,た
83,37220,39540,て
83,39540,39740,ん
83,39740,39920,ん
83,39920,40280,ん
83,40280,40660,ん
83,40660,41260,ん
83,41260,41620,ん
83,41620,42120,な
83,42120,42800,ん
83,42800,42980,ん
83,42980,43340,ん
83,43340,43740,に
83,43740,44200,<silence>
83,44200,44320,て
83,44320,45440,<silence>
83,45440,45860,と
83,45860,46060,ん
83,46060,46440,ん
83,46440,46780,ん
83,46780,47180,ん
83,47180,47480,ん
83,47480,47720,<silence>
83,47720,48320,<silence>
83,48320,48700,る
83,48700,49000,ん
83,49000,49280,な
83,49280,49480,ん
83,49480,50140,た
83,50140,50180,ん
83,50180,51000,う
83,51000,51540,か
83,51540,51960,ん
83,51960,52160,い
83,52160,52340,い
83,52340,52520,ん
83,52520,53100,い
83,53100,53700,<silence>
83,53700,54060,<silence>
83,54060,54400,<silence>
83,54400,54640,い
83,54640,54820,い
83,54820,55120,<silence>
83,55120,55400,<silence>
83,55400,55600,こ
83,55600,56340,う
83,56340,56740,い
83,56740,56940,め
83,56940,58020,い
83,58020,58260,に
83,58260,58640,ゆ
83,58640,58940,う
83,58940,59240,す
83,59240,59960,す
83,59960,60080,こ
83,60080,60180,う
83,60180,60460,く
83,60460,60740,う
83,60740,60940,う
83,60940,61240,う
83,61240,61520,く
83,61520,61720,ん
83,61720,63460,<silence>
83,63460,64160,す
83,64160,64380,す
83,64380,64580,う
83,64580,65040,か
83,65040,65340,う
83,65340,65920,く
83,65920,66200,え
83,66200,66580,る
83,66580,66860,に
83,66860,67060,ん
83,67060,67380,ん
83,67380,67500,ん
83,67500,67620,ん
83,67620,68560,<silence>
83,68560,68980,と
83,68980,69160,く
83,69160,70140,く
83,70140,70700,と
83,70700,70880,お
83,70880,72140,う
83,72140,72360,く
83,72360,72420,い
83,72420,72700,う
83,72700,72960,と
83,72960,73940,う
83,73940,74240,う
83,74240,74520,い
83,74520,74700,を
83,74700,75000,う
83,75000,75280,お
83,75280,75860,う
83,75860,76420,い
83,76420,76980,い
83,76980,77260,い
83,77260,77560,う
83,77560,77760,く
83,77760,78040,く
83,78040,78320,<silence>
83,78320,78540,<silence>
83,78540,78820,く
83,78820,79460,つ
83,79460,79700,い
83,79700,80040,ん
83,80040,80340,い
83,80340,80640,ん
83,80640,80800,い
83,80800,81100,い
83,81100,81340,す
83,81340,81580,て
83,81580,81880,え
83,81880,82160,ん
83,82160,96860,て
85,0,1580,<silence>
85,1580,1880,<silence>
85,1880,2200,<silence>
85,2200,2600,<silence>
85,2600,3080,<silence>
85,3080,3560,い
85,3560,3860,い
85,3860,4080,わ
85,4080,4400,く
85,4400,5440,く
85,5440,5500,う
85,5500,5800,し
85,5800,6120,う
85,6120,6580,か
85,6580,6860,う
85,6860,7500,く
85,7500,7720,す
85,7720,7800,し
85,7800,8060,ふ
85,8060,8440,は
85,8440,8800,う
85,8800,9200,こ
85,9200,10700,<silence>
85,10700,11000,<silence>
85,11000,11060,く
85,11060,11380,ひ
85,11380,11440,し
85,11440,11600,ふ
85,11600,11720,と
85,11720,12040,う
85,12040,12400,<silence>
85,12400,12940,<silence>
85,12940,13020,い
85,13020,13580,び
85,13580,20200,<silence>
85,20200,20460,ん
85,20460,20640,お
85,20640,20700,ん
85,20700,20960,う
85,20960,21280,う
85,21280,21460,く
85,21460,21660,く
85,21660,21780,ふ
85,21780,22000,<silence>
85,22000,22180,て
85,22180,22280,て
85,22280,22500,だ
85,22500,22740,す
85,22740,22920,さ
85,22920,23100,と
85,23100,23160,す
85,23160,23280,し
85,23280,23460,す
85,23460,23580,つ
85,23580,24420,<silence>
85,24420,24480,い
85,24480,24640,あ
85,24640,24860,う
85,24860,24980,い
85,24980,25100,い
85,25100,25240,い
85,25240,25420,い
85,25420,25660,う
85,25660,25880,す
85,25880,26060,す
85,26060,26380,ま
85,26380,26620,あ
85,26620,26740,あ
85,26740,26920,う
85,26920,27440,う
85,27440,28360,う
85,28360,28860,う
85,28860,29020,ん
85,29020,29100,ん
85,29100,29240,ん
85,29240,29320,ん
85,29320,29440,ん
85,29440,29600,ん
85,29600,29760,ん
85,29760,29940,ん
85,29940,30080,ん
85,30080,30320,ん
85,30320,30520,ん
85,30520,30800,ん
85,30800,30940,ん
85,30940,31680,う
85,31680,31860,ん
85,31860,32000,ん
85,32000,32060,ん
85,32060,32360,う
85,32360,32480,う
85,32480,32560,ん
85,32560,32660,う
85,32660,32760,う
85,32760,32920,み
85,32920,33040,い
85,33040,33180,く
85,33180,33380,<silence>
85,33380,33560,て
85,33560,33600,ん
85,33600,33720,て
85,33720,33860,て
85,33860,34080,<silence>
85,34080,34740,<silence>
85,34740,35040,<silence>
85,35040,35180,ん
85,35180,37440,<silence>
85,37440,37740,<silence>
85,37740,38480,<silence>
85,38480,39000,<silence>
85,39000,39460,<silence>
85,39460,39740,<silence>
85,39740,40000,<silence>
85,40000,40340,<silence>
85,40340,41480,<silence>
85,41480,41720,だ
85,41720,42000,く
85,42000,42420,た
85,42420,42780,く
85,42780,43240,ば
85,43240,43540,く
85,43540,43660,と
85,43660,43840,わ
85,43840,43980,く
85,43980,44460,き
85,44460,44720,く
85,44720,45200,ん
85,45200,46580,た
85,46580,46980,く
85,46980,47520,だ
85,47520,47760,え
85,47760,48000,え
85,48000,48440,<silence>
85,48440,48780,<silence>
85,48780,49280,た
85,49280,49320,か
85,49320,52980,た
85,52980,53120,う
85,53120,53280,ふ
85,53280,53460,う
85,53460,53760,う
85,53760,54000,う
85,54000,54480,を
85,54480,54980,く
85,54980,55400,む
85,55400,55740,ん
85,55740,56000,ん
85,56000,56400,<silence>
85,56400,57480,<silence>
85,57480,57740,さ
85,57740,58000,そ
85,58000,58400,ば
85,58400,58740,と
85,58740,59000,ち
85,59000,59400,る
85,59400,59740,と
85,59740,59980,ぶ
85,59980,60380,と
85,60380,60760,と
85,60760,61320,の
85,61320,62540,と
85,62540,62600,お
85,62600,62660,ん
85,62660,62980,<silence>
85,62980,63600,<silence>
85,63600,63760,く
85,63760,64000,と
85,64000,64500,た
85,64500,65020,ん
85,65020,65180,い
85,65180,66660,く
85,66660,66720,く
85,66720,66840,ず
85,66840,66940,み
85,66940,67140,り
85,67140,67340,つ
85,67340,67540,つ
85,67540,67760,す
85,67760,67940,た
85,67940,68120,び
85,68120,68320,か
85,68320,69000,た
85,69000,69260,<silence>
85,69260,69500,<silence>
85,69500,69760,び
85,69760,70020,い
85,70020,70420,と
85,70420,70760,だ
85,70760,71240,<silence>
85,71240,71500,る
85,71500,71760,<silence>
85,71760,72000,<silence>
85,72000,72300,<silence>
85,72300,72380,く
85,72380,72740,<silence>
85,72740,73080,う
85,73080,73220,く
85,73220,73380,<silence>
85,73380,73480,く
85,73480,73720,<silence>
85,73720,73980,<silence>
85,73980,74400,<silence>
85,74400,74740,<silence>
85,74740,75240,さ
85,75240,75480,う
85,75480,75740,す
85,75740,75960,れ
85,75960,76980,ん
85,76980,77260,か
85,77260,77340,わ
85,77340,77500,わ
85,77500,77720,う
85,77720,77980,う
85,77980,78020,な
85,78020,78400,だ
85,78400,78740,た
85,78740,79300,と
85,79300,79500,ん
85,79500,79760,の
85,79760,80000,く
85,80000,80520,た
85,80520,80740,く
85,80740,81240,と
85,81240,81500,う
85,81500,81740,う
85,81740,82000,う
85,82000,82380,<silence>
85,82380,82740,<silence>
85,82740,83240,く
85,83240,83360,く
85,83360,83500,か
85,83500,83720,く
85,83720,83980,ん
85,83980,84480,と
85,84480,85000,う
85,85000,85460,う
85,85460,85960,ぼ
85,85960,86020,い
85,86020,86060,ん
85,86060,86260,う
85,86260,86520,く
85,86520,86840,さ
85,86840,86980,お
85,86980,87240,い
85,87240,87480,つ
85,87480,87780,く
85,87780,88000,ん
85,88000,88240,め
85,88240,88420,ん
85,88420,88660,ん
85,88660,89000,く
85,89000,89460,い
85,89460,90820,す
85,90820,90960,ん
85,90960,91480,ん
85,91480,91740,ん
85,91740,92000,ん
85,92000,92240,ん
85,92240,92320,ん
85,92320,92400,ん
85,92400,92540,お
85,92540,92580,ん
85,92580,92980,お
85,92980,93300,<silence>
85,93300,93480,ま
85,93480,93600,ん
85,93600,94080,つ
85,94080,94840,う
85,94840,94980,の
85,94980,95260,く
85,95260,95500,く
85,95500,95740,む
85,95740,96000,い
85,96000,96260,ぽ
85,96260,96380,わ
85,96380,96640,う
85,96640,97220,を
85,97220,97520,う
85,97520,97720,た
85,97720,98060,う
85,98060,98240,う
85,98240,98580,す
85,98580,98740,く
85,98740,99080,い
85,99080,99220,い
85,99220,99400,い
85,99400,99520,い
85,99520,99740,い
85,99740,100020,い
85,100020,100260,い
85,100260,100540,い
85,100540,101460,る
85,101460,103480,る
85,103480,104240,<silence>
85,104240,104480,<silence>
85,104480,104740,<silence>
85,104740,104780,い
85,104780,104860,て
85,104860,104900,て
85,104900,105020,て
85,105020,105280,<silence>
85,105280,105520,<silence>
85,105520,105780,<silence>
85,105780,105880,て
85,105880,106000,<silence>
85,106000,107300,<silence>
85,107300,108220,う
85,108220,108500,わ
85,108500,109000,う
85,109000,109220,こ
85,109220,109500,も
85,109500,109740,う
85,109740,110220,く
85,110220,110700,あ
85,110700,111280,た
85,111280,111520,う
85,111520,111760,さ
85,111760,112260,く
85,112260,113300,そ
85,113300,113460,う
85,113460,114020,う
85,114020,114400,<silence>
85,114400,114740,<silence>
85,114740,114980,<silence>
85,114980,115240,た
85,115240,115320,う
85,115320,115480,う
85,115480,115760,て
85,115760,115980,ん
85,115980,116480,て
85,116480,116640,い
85,116640,116900,く
85,116900,117580,う
85,117580,117740,う
85,117740,119200,く
85,119200,119680,な
85,119680,120020,う
85,120020,120400,そ
85,120400,120740,う
85,120740,121020,も
85,121020,121520,う
85,121520,123000,さ
85,123000,123540,ま
85,123540,123980,あ
85,123980,124140,あ
85,124140,124780,あ
85,124780,126840,<silence>
85,126840,127320,う
85,127320,127780,く
85,127780,128760,と
85,128760,129420,う
85,129420,129540,い
85,129540,129720,い
85,129720,130980,く
85,130980,131340,た
85,131340,132400,る
85,132400,132740,は
85,132740,133020,ま
85,133020,133320,の
85,133320,134680,こ
85,134680,135140,ぱ
85,135140,136100,た
85,136100,136420,も
85,136420,136720,ん
85,136720,136980,と
85,136980,137920,を
85,137920,138340,す
85,138340,138400,く
85,138400,138820,す
85,138820,139760,す
85,139760,140140,い
85,140140,140440,い
85,140440,140580,い
85,140580,140720,と
85,140720,142120,く
85,142120,142540,に
85,142540,143520,た
85,143520,143860,く
85,143860,144160,く
85,144160,144480,い
85,144480,145280,す
85,145280,145400,い
85,145400,145500,い
85,145500,145700,て
85,145700,145920,に
85,145920,145980,い
85,145980,146040,に
85,146040,146180,ん
85,146180,146660,つ
85,146660,147100,く
85,147100,147440,い
85,147440,147780,く
85,147780,148100,つ
85,148100,148980,<silence>
85,148980,149480,は
85,149480,149880,は
85,149880,150680,は
85,150680,150780,ん
85,150780,150880,く
85,150880,151260,た
85,151260,151540,く
85,151540,151840,ん
85,151840,153660,さ
85,153660,154080,は
85,154080,154220,ま
85,154220,154760,を
85,154760,155100,び
85,155100,155440,と
85,155440,157280,た
85,157280,157760,る
85,157760,157900,な
85,157900,158160,あ
85,158160,158440,り
85,158440,158720,る
85,158720,159100,い
85,159100,161860,く
85,161860,162800,う
85,162800,163780,<silence>
85,163780,164240,ま
85,164240,164580,の
85,164580,174540,<silence>
85,174540,174780,い
85,174780,175060,い
85,175060,175300,こ
85,175300,175540,を
85,175540,175980,ぼ
85,175980,176280,の
85,176280,176800,く
85,176800,177040,て
85,177040,177260,い
85,177260,177540,ぼ
85,177540,178300,の
85,178300,178780,は
85,178780,178920,く
85,178920,179040,た
85,179040,179260,<silence>
85,179260,179520,<silence>
85,179520,179920,ふ
85,179920,180160,く
85,180160,180300,く
85,180300,180800,<silence>
85,180800,181040,<silence>
85,181040,181280,<silence>
85,181280,181520,<silence>
85,181520,182040,<silence>
85,182040,182340,た
85,182340,182540,え
85,182540,182800,だ
85,182800,182880,さ
85,182880,183040,そ
85,183040,183260,た
85,183260,183520,し
85,183520,183940,て
85,183940,184300,く
85,184300,184780,さ
85,184780,185020,す
85,185020,185260,た
85,185260,185520,わ
85,185520,185800,た
85,185800,186060,く
85,186060,186300,こ
85,186300,186780,う
85,186780,186880,く
85,186880,187040,<silence>
85,187040,187280,<silence>
85,187280,187540,こ
85,187540,187920,う
85,187920,188300,く
85,188300,188580,<silence>
85,188580,188780,く
85,188780,189060,<silence>
85,189060,189280,た
85,189280,189520,ま
85,189520,190000,<silence>
85,190000,190120,あ
85,190120,190260,あ
85,190260,191980,と
85,191980,193040,の
85,193040,193480,い
85,193480,193600,わ
85,193600,193800,わ
85,193800,193960,は
85,193960,194040,く
85,194040,194340,く
85,194340,194540,ふ
85,194540,194760,ま
85,194760,195020,は
85,195020,195140,く
85,195140,195200,い
85,195200,195300,か
85,195300,195540,こ
85,195540,195900,は
85,195900,196180,<silence>
85,196180,196560,だ
85,196560,197000,を
85,197000,197520,く
85,197520,197580,と
85,197580,197700,は
85,197700,197800,う
85,197800,198040,う
85,198040,198400,く
85,198400,198520,の
85,198520,199020,ば
85,199020,199180,き
85,199180,199220,い
85,199220,199540,る
85,199540,199800,た
85,199800,199920,は
85,199920,200160,あ
85,200160,200520,ま
85,200520,200840,お
85,200840,201000,あ
85,201000,201580,ん
85,201580,201800,あ
85,201800,202040,え
85,202040,202540,え
85,202540,202760,ん
85,202760,202800,な
85,202800,203000,く
85,203000,203300,め
85,203300,203500,え
85,203500,203980,て
85,203980,204220,た
85,204220,205260,<silence>
85,205260,205520,<silence>
85,205520,205580,ん
85,205580,205760,く
85,205760,206120,<silence>
85,206120,206280,ん
85,206280,206520,<silence>
85,206520,206620,く
85,206620,206780,て
85,206780,207240,<silence>
85,207240,207480,<silence>
85,207480,207840,<silence>
85,207840,209040,<silence>
85,209040,209540,と
85,209540,210020,の
85,210020,210540,た
85,210540,210940,た
85,210940,211520,ぼ
85,211520,211760,く
85,211760,211980,<silence>
85,211980,212980,<silence>
85,212980,213540,<silence>
85,213540,214020,<silence>
85,214020,214520,<silence>
85,214520,214760,<silence>
85,214760,214920,い
85,214920,215160,<silence>
85,215160,215520,<silence>
85,215520,215820,<silence>
85,215820,217020,<silence>
85,217020,217540,ぼ
85,217540,218040,う
85,218040,218500,<silence>
85,218500,218720,し
85,218720,218940,い
85,218940,219480,が
85,219480,219820,た
85,219820,220020,あ
85,220020,220920,さ
85,220920,220980,お
85,220980,221540,う
85,221540,222080,ほ
85,222080,222440,う
85,222440,222560,ふ
85,222560,223060,は
85,223060,223560,さ
85,223560,224080,も
85,224080,225100,<silence>
85,225100,225620,あ
85,225620,226160,た
85,226160,228700,<silence>
85,228700,229720,く
85,229720,229780,い
85,229780,230120,く
85,230120,230760,さ
85,230760,231900,は
85,231900,236040,く
85,236040,236360,え
85,236360,236660,え
85,236660,237120,い
85,237120,237480,<silence>
85,237480,237820,<silence>
85,237820,238200,<silence>
85,238200,238920,<silence>
85,238920,240320,く
85,240320,240460,ん
85,240460,241660,う
85,241660,242940,う
85,242940,243120,く
85,243120,243420,そ
85,243420,243600,ん
85,243600,243780,ん
85,243780,243920,ん
85,243920,244180,ん
85,244180,244220,い
85,244220,244440,を
85,244440,248060,<silence>
85,248060,260300,く
89,0,1680,<silence>
89,1680,1840,<silence>
89,1840,2020,<silence>
89,2020,2340,<silence>
89,2340,2520,<silence>
89,2520,3040,<silence>
89,3040,3380,<silence>
89,3380,3700,ん
89,3700,3920,な
89,3920,4440,と
89,4440,4760,す
89,4760,5100,く
89,5100,5320,か
89,5320,5720,な
89,5720,5800,な
89,5800,6860,と
89,6860,7160,の
89,7160,7360,く
89,7360,7540,て
89,7540,8220,う
89,8220,8480,ん
89,8480,8540,に
89,8540,8720,な
89,8720,8880,い
89,8880,9580,に
89,9580,9920,だ
89,9920,10100,く
89,10100,10600,と
89,10600,10800,た
89,10800,10940,ん
89,10940,11300,な
89,11300,11500,す
89,11500,11640,し
89,11640,12240,ふ
89,12240,12320,ん
89,12320,12620,に
89,12620,12660,い
89,12660,12860,に
89,12860,13020,に
89,13020,13360,<silence>
89,13360,13560,<silence>
89,13560,14060,<silence>
89,14060,14740,<silence>
89,14740,14920,わ
89,14920,15440,と
89,15440,15800,な
89,15800,16320,の
89,16320,17200,ん
89,17200,17740,は
89,17740,17780,く
89,17780,18340,と
89,18340,18540,ん
89,18540,19240,の
89,19240,19580,め
89,19580,19740,い
89,19740,19920,く
89,19920,20260,<silence>
89,20260,20600,ふ
89,20600,20960,ね
89,20960,21300,<silence>
89,21300,21880,<silence>
89,21880,22020,ぼ
89,22020,22500,る
89,22500,26480,<silence>
89,26480,26660,う
89,26660,26800,く
89,26800,27160,と
89,27160,27340,ぼ
89,27340,27840,う
89,27840,28520,う
89,28520,28740,い
89,28740,29280,い
89,29280,29920,と
89,29920,30140,で
89,30140,30620,る
89,30620,31920,る
89,31920,31980,い
89,31980,32200,の
89,32200,32320,う
89,32320,33040,る
89,33040,33380,<silence>
89,33380,33560,ん
89,33560,33720,ん
89,33720,34440,う
89,34440,34780,す
89,34780,34940,る
89,34940,35140,る
89,35140,35800,<silence>
89,35800,36140,<silence>
89,36140,36300,<silence>
89,36300,36500,こ
89,36500,37480,う
89,37480,37880,い
89,37880,38200,る
89,38200,38380,る
89,38380,38920,と
89,38920,39240,<silence>
89,39240,39560,で
89,39560,39760,ね
89,39760,40240,<silence>
89,40240,40620,る
89,40620,40960,れ
89,40960,41140,ら
89,41140,41660,ぼ
89,41660,42000,ん
89,42000,42580,し
89,42580,43000,と
89,43000,43180,い
89,43180,43400,い
89,43400,44080,い
89,44080,44360,し
89,44360,44420,い
89,44420,44560,い
89,44560,44740,お
89,44740,45100,え
89,45100,45420,ん
89,45420,45720,せ
89,45720,45760,い
89,45760,46160,ね
89,46160,46320,ん
89,46320,46800,<silence>
89,46800,47260,<silence>
89,47260,47360,ん
89,47360,47600,<silence>
89,47600,49400,<silence>
89,49400,49580,<silence>
89,49580,49940,<silence>
89,49940,50080,い
89,50080,50280,<silence>
89,50280,50940,<silence>
89,50940,51380,<silence>
89,51380,51620,<silence>
89,51620,52140,<silence>
89,52140,52360,<silence>
89,52360,52660,<silence>
89,52660,52840,<silence>
89,52840,53040,<silence>
89,53040,53360,そ
89,53360,53720,と
89,53720,54120,を
89,54120,54420,ん
89,54420,54920,た
89,54920,55120,い
89,55120,55460,い
89,55460,55620,す
89,55620,55820,し
89,55820,56480,い
89,56480,56820,お
89,56820,57140,ん
89,57140,57880,さ
89,57880,58420,う
89,58420,59040,と
89,59040,59460,お
89,59460,59600,な
89,59600,59780,な
89,59780,59940,う
89,59940,60160,う
89,60160,60580,う
89,60580,60840,お
89,60840,61300,う
89,61300,61820,む
89,61820,61980,お
89,61980,62200,に
89,62200,62360,う
89,62360,62520,に
89,62520,62700,う
89,62700,62920,わ
89,62920,63360,<silence>
89,63360,63600,<silence>
89,63600,64060,<silence>
89,64060,64540,さ
89,64540,64760,ん
89,64760,64940,を
89,64940,65120,お
89,65120,65300,お
89,65300,65460,お
89,65460,65660,お
89,65660,66100,を
89,66100,66400,く
89,66400,66820,い
89,66820,67020,お
89,67020,67720,と
89,67720,68200,ね
89,68200,68400,お
89,68400,68900,そ
89,68900,69100,こ
89,69100,69620,と
89,69620,70220,<silence>
89,70220,70500,な
89,70500,70620,い
89,70620,70800,い
89,70800,70980,い
89,70980,71200,い
89,71200,71660,ら
89,71660,71900,つ
89,71900,72400,く
89,72400,72600,の
89,72600,73020,る
89,73020,73220,た
89,73220,73380,ん
89,73380,73520,な
89,73520,73720,な
89,73720,73920,だ
89,73920,74380,<silence>
89,74380,74620,<silence>
89,74620,75080,<silence>
89,75080,75720,ゆ
89,75720,76080,す
89,76080,76300,を
89,76300,76480,つ
89,76480,76800,す
89,76800,77160,と
89,77160,77860,ふ
89,77860,78200,み
89,78200,78540,さ
89,78540,78740,く
89,78740,79220,ん
89,79220,79400,る
89,79400,79960,と
89,79960,80120,を
89,80120,80620,さ
89,80620,81360,も
89,81360,81640,え
89,81640,81840,え
89,81840,82020,く
89,82020,82320,る
89,82320,83040,て
89,83040,83360,<silence>
89,83360,83720,こ
89,83720,84060,に
89,84060,84200,の
89,84200,84300,う
89,84300,84780,り
89,84780,84980,は
89,84980,85420,<silence>
89,85420,85720,<silence>
89,85720,86140,<silence>
89,86140,98200,<silence>
89,98200,98380,る
89,98380,98480,う
89,98480,98560,い
89,98560,98900,く
89,98900,99080,の
89,99080,99280,の
89,99280,99540,お
89,99540,99900,ん
89,99900,100240,と
89,100240,100440,た
89,100440,100940,い
89,100940,101660,い
89,101660,101840,す
89,101840,102620,つ
89,102620,102680,か
89,102680,103300,<silence>
89,103300,103660,く
89,103660,103720,い
89,103720,103900,ん
89,103900,104060,ん
89,104060,104740,つ
89,104740,105120,そ
89,105120,105440,く
89,105440,105820,く
89,105820,106140,く
89,106140,106480,て
89,106480,106840,ん
89,106840,107500,さ
89,107500,107860,と
89,107860,108200,ね
89,108200,108780,<silence>
89,108780,108840,く
89,108840,109200,た
89,109200,109400,も
89,109400,109580,を
89,109580,109900,そ
89,109900,110080,い
89,110080,110640,を
89,110640,110980,す
89,110980,111300,ふ
89,111300,111480,な
89,111480,112020,<silence>
89,112020,112340,る
89,112340,112880,に
89,112880,113360,と
89,113360,113720,い
89,113720,114360,さ
89,114360,114720,と
89,114720,114920,お
89,114920,115100,う
89,115100,115800,<silence>
89,115800,116140,ら
89,116140,116300,ら
89,116300,116480,う
89,116480,116820,い
89,116820,117160,い
89,117160,117520,ん
89,117520,117860,ね
89,117860,118080,さ
89,118080,118560,<silence>
89,118560,118740,あ
89,118740,119220,<silence>
89,119220,120520,<silence>
89,120520,120580,い
89,120580,121120,お
89,121120,121800,す
89,121800,121980,に
89,121980,122320,ん
89,122320,122680,す
89,122680,123360,そ
89,123360,123900,<silence>
89,123900,124400,ぱ
89,124400,124560,と
89,124560,124720,く
89,124720,125080,す
89,125080,125440,ぼ
89,125440,125840,と
89,125840,126040,く
89,126040,126660,つ
89,126660,126860,す
89,126860,127180,ん
89,127180,127320,く
89,127320,127400,い
89,127400,127540,ん
89,127540,127860,る
89,127860,128220,す
89,128220,128900,<silence>
89,128900,129600,く
89,129600,130280,そ
89,130280,130720,そ
89,130720,130940,く
89,130940,131140,と
89,131140,131280,さ
89,131280,131480,を
89,131480,131640,そ
89,131640,131880,お
89,131880,132320,う
89,132320,132560,し
89,132560,133020,<silence>
89,133020,133260,ん
89,133260,133520,す
89,133520,133720,と
89,133720,133920,す
89,133920,134060,く
89,134060,134260,と
89,134260,134400,ん
89,134400,134620,い
89,134620,135080,<silence>
89,135080,135320,い
89,135320,135760,と
89,135760,136020,う
89,136020,136460,<silence>
89,136460,136700,と
89,136700,136840,と
89,136840,137020,と
89,137020,137180,う
89,137180,137400,う
89,137400,137860,う
89,137860,138100,と
89,138100,138560,と
89,138560,138760,い
89,138760,139240,お
89,139240,139460,て
89,139460,139940,い
89,139940,140640,<silence>
89,140640,140840,い
89,140840,141320,さ
89,141320,141960,る
89,141960,142180,こ
89,142180,142340,お
89,142340,142500,ひ
89,142500,142680,い
89,142680,142880,い
89,142880,143360,い
89,143360,143580,こ
89,143580,144080,う
89,144080,144760,<silence>
89,144760,145080,ば
89,145080,145300,つ
89,145300,145460,う
89,145460,145660,う
89,145660,146120,<silence>
89,146120,146340,る
89,146340,146800,に
89,146800,147540,さ
89,147540,147760,い
89,147760,147840,ん
89,147840,148040,も
89,148040,148200,い
89,148200,148560,い
89,148560,148900,な
89,148900,149240,お
89,149240,149600,ひ
89,149600,149940,い
89,149940,150300,<silence>
89,150300,150800,お
89,150800,150980,お
89,150980,151280,る
89,151280,151840,<silence>
89,151840,152400,<silence>
89,152400,153060,く
89,153060,153360,は
89,153360,153560,お
89,153560,153720,つ
89,153720,154060,ま
89,154060,154380,た
89,154380,154760,い
89,154760,155100,い
89,155100,155460,を
89,155460,155800,<silence>
89,155800,156020,ん
89,156020,156480,<silence>
89,156480,156680,さ
89,156680,157100,さ
89,157100,157380,と
89,157380,157820,を
89,157820,162700,<silence>
89,162700,163340,<silence>
89,163340,164060,る
89,164060,164760,と
89,164760,165420,そ
89,165420,166160,こ
89,166160,167520,こ
89,167520,168160,せ
89,168160,168880,こ
89,168880,169580,し
89,169580,170280,<silence>
89,170280,171000,う
89,171000,171640,よ
89,171640,172160,う
89,172160,173020,す
89,173020,173700,い
89,173700,174380,<silence>
89,174380,175840,<silence>
89,175840,176360,<silence>
89,176360,176480,い
89,176480,177180,<silence>
89,177180,178520,<silence>
89,178520,178560,い
89,178560,179280,<silence>
89,179280,179940,<silence>
89,179940,180620,<silence>
89,180620,181340,<silence>
89,181340,182020,<silence>
89,182020,183200,<silence>
89,183200,183580,<silence>
89,183580,183900,<silence>
89,183900,184060,<silence>
89,184060,184460,<silence>
89,184460,184700,<silence>
89,184700,185460,<silence>
89,185460,186160,<silence>
89,186160,186840,<silence>
89,186840,187500,<silence>
89,187500,188220,<silence>
89,188220,188700,<silence>
89,188700,189040,<silence>
89,189040,189540,<silence>
89,189540,189580,い
89,189580,190300,<silence>
89,190300,190920,<silence>
89,190920,191700,<silence>
89,191700,192320,<silence>
89,192320,193040,<silence>
89,193040,193700,<silence>
89,193700,194180,<silence>
89,194180,194700,<silence>
89,194700,194900,<silence>
89,194900,195020,い
89,195020,195080,い
89,195080,195460,<silence>
89,195460,195760,<silence>
89,195760,196480,<silence>
89,196480,197120,く
89,197120,198560,さ
89,198560,200560,<silence>
89,200560,200640,か
89,200640,201300,て
89,201300,202000,<silence>
89,202000,202680,る
89,202680,203420,ふ
89,203420,204060,さ
89,204060,204720,<silence>
89,204720,205480,<silence>
89,205480,210940,<silence>
89,210940,211200,だ
89,211200,211360,い
89,211360,211520,ら
89,211520,211700,う
89,211700,211920,<silence>
89,211920,212320,<silence>
89,212320,212580,ば
89,212580,213020,い
89,213020,213540,る
89,213540,213720,う
89,213720,213940,と
89,213940,214100,よ
89,214100,214260,お
89,214260,214420,お
89,214420,214660,お
89,214660,215080,ん
89,215080,215320,く
89,215320,215780,る
89,215780,216500,る
89,216500,216660,う
89,216660,216860,の
89,216860,217020,ん
89,217020,217200,ん
89,217200,217400,は
89,217400,217860,<silence>
89,217860,218100,<silence>
89,218100,218540,<silence>
89,218540,218760,ん
89,218760,219480,く
89,219480,219960,う
89,219960,220160,く
89,220160,220620,く
89,220620,220820,ゆ
89,220820,221340,い
89,221340,221680,な
89,221680,221980,ん
89,221980,222200,せ
89,222200,222340,う
89,222340,222520,に
89,222520,222700,う
89,222700,222900,を
89,222900,223620,<silence>
89,223620,224080,い
89,224080,224340,ぼ
89,224340,224740,お
89,224740,224960,て
89,224960,225100,い
89,225100,225260,ら
89,225260,225460,か
89,225460,225680,わ
89,225680,226120,<silence>
89,226120,226380,う
89,226380,226820,<silence>
89,226820,228020,た
89,228020,228200,い
89,228200,228540,る
89,228540,228900,<silence>
89,228900,229580,<silence>
89,229580,229920,<silence>
89,229920,230280,の
89,230280,230500,れ
89,230500,230920,れ
89,230920,231160,る
89,231160,231680,う
89,231680,231880,む
89,231880,232400,い
89,232400,233060,と
89,233060,233340,わ
89,233340,233560,さ
89,233560,233740,く
89,233740,234080,い
89,234080,234320,い
89,234320,234440,も
89,234440,234760,そ
89,234760,235100,ん
89,235100,235380,し
89,235380,235780,を
89,235780,235940,た
89,235940,235980,い
89,235980,236480,つ
89,236480,236700,い
89,236700,237160,い
89,237160,237300,そ
89,237300,237380,し
89,237380,237880,と
89,237880,238500,う
89,238500,238900,く
89,238900,239080,な
89,239080,239260,い
89,239260,239600,る
89,239600,239920,<silence>
89,239920,240280,<silence>
89,240280,240600,<silence>
89,240600,241320,<silence>
89,241320,241540,さ
89,241540,242020,さ
89,242020,242240,う
89,242240,242720,る
89,242720,242960,し
89,242960,243460,さ
89,243460,256520,<silence>
90,0,1020,<silence>
90,1020,3300,<silence>
90,3300,3700,い
90,3700,4040,い
90,4040,4440,い
90,4440,5580,い
90,5580,5740,う
90,5740,5980,あ
90,5980,6520,い
90,6520,9120,る
90,9120,9320,お
90,9320,9500,め
90,9500,9700,い
90,9700,10060,に
90,10060,10260,ん
90,10260,10760,い
90,10760,12420,で
90,12420,12520,お
90,12520,12860,う
90,12860,13200,の
90,13200,13480,う
90,13480,13600,く
90,13600,13960,<silence>
90,13960,14200,<silence>
90,14200,14380,<silence>
90,14380,14560,<silence>
90,14560,14760,<silence>
90,14760,14960,<silence>
90,14960,15020,ん
90,15020,15140,あ
90,15140,15340,い
90,15340,15860,<silence>
90,15860,16200,<silence>
90,16200,16580,<silence>
90,16580,16980,<silence>
90,16980,17180,い
90,17180,17380,い
90,17380,17560,<silence>
90,17560,17760,<silence>
90,17760,17880,こ
90,17880,17980,く
90,17980,18140,く
90,18140,18340,く
90,18340,18560,く
90,18560,18880,た
90,18880,19080,ん
90,19080,19260,く
90,19260,19440,く
90,19440,19620,も
90,19620,19820,い
90,19820,20020,い
90,20020,20180,ん
90,20180,20380,ま
90,20380,20580,ん
90,20580,20760,い
90,20760,20960,い
90,20960,21300,え
90,21300,21520,ん
90,21520,21580,い
90,21580,21700,か
90,21700,21960,お
90,21960,22220,お
90,22220,22440,う
90,22440,22720,お
90,22720,23000,ん
90,23000,23220,ん
90,23220,23320,ん
90,23320,23480,ん
90,23480,23740,ん
90,23740,23940,う
90,23940,24300,は
90,24300,24880,<silence>
90,24880,25080,と
90,25080,25240,く
90,25240,25440,く
90,25440,25660,く
90,25660,25820,か
90,25820,26180,だ
90,26180,26400,く
90,26400,26580,ま
90,26580,26800,え
90,26800,27100,く
90,27100,27260,ま
90,27260,27420,ま
90,27420,27520,ん
90,27520,27640,ん
90,27640,27920,<silence>
90,27920,28080,ま
90,28080,28240,ん
90,28240,28360,ん
90,28360,28440,ん
90,28440,28640,ぶ
90,28640,28840,く
90,28840,29020,ふ
90,29020,29240,き
90,29240,29440,ん
90,29440,29580,と
90,29580,29780,を
90,29780,29920,ん
90,29920,30240,つ
90,30240,30340,み
90,30340,30700,う
90,30700,30840,と
90,30840,30900,お
90,30900,31080,お
90,31080,31440,を
90,31440,32000,<silence>
90,32000,32200,ん
90,32200,32400,く
90,32400,32560,ま
90,32560,32780,ま
90,32780,32940,ん
90,32940,33180,く
90,33180,33280,ま
90,33280,33500,ま
90,33500,33680,ん
90,33680,33880,く
90,33880,34060,ま
90,34060,34240,ら
90,34240,34460,ん
90,34460,34820,ん
90,34820,35020,ふ
90,35020,35220,つ
90,35220,35540,う
90,35540,36520,く
90,36520,36720,く
90,36720,37080,ぼ
90,37080,37660,を
90,37660,38000,て
90,38000,38200,く
90,38200,38560,と
90,38560,39120,と
90,39120,39500,を
90,39500,39700,し
90,39700,39900,す
90,39900,40060,く
90,40060,40240,ど
90,40240,40440,ん
90,40440,40800,さ
90,40800,41000,す
90,41000,41360,を
90,41360,41740,と
90,41740,41900,く
90,41900,42720,と
90,42720,42900,ん
90,42900,43060,い
90,43060,43620,く
90,43620,43820,う
90,43820,43920,ん
90,43920,44020,ど
90,44020,44200,わ
90,44200,44560,く
90,44560,45140,さ
90,45140,45500,う
90,45500,45640,こ
90,45640,45880,ん
90,45880,46080,く
90,46080,46220,く
90,46220,46400,く
90,46400,46440,た
90,46440,46520,と
90,46520,46660,い
90,46660,46840,ん
90,46840,47000,く
90,47000,47200,て
90,47200,47580,ん
90,47580,47940,う
90,47940,48120,こ
90,48120,48340,ん
90,48340,48480,い
90,48480,48680,い
90,48680,48840,う
90,48840,48880,ん
90,48880,49080,す
90,49080,49260,ん
90,49260,49640,<silence>
90,49640,49820,つ
90,49820,49860,か
90,49860,50000,て
90,50000,50200,は
90,50200,51860,く
90,51860,52280,い
90,52280,52440,く
90,52440,52820,す
90,52820,53580,ぶ
90,53580,53920,を
90,53920,54320,す
90,54320,54520,ぶ
90,54520,55080,す
90,55080,55460,と
90,55460,55640,も
90,55640,55820,を
90,55820,56000,も
90,56000,56200,く
90,56200,56560,く
90,56560,56760,ぶ
90,56760,56920,し
90,56920,57140,た
90,57140,57300,く
90,57300,57520,と
90,57520,57880,う
90,57880,58060,す
90,58060,58240,ぞ
90,58240,58420,し
90,58420,58820,も
90,58820,59200,も
90,59200,59480,わ
90,59480,59580,く
90,59580,59940,つ
90,59940,60160,な
90,60160,60340,る
90,60340,60540,ん
90,60540,60720,る
90,60720,61080,る
90,61080,61420,<silence>
90,61420,61640,く
90,61640,61820,を
90,61820,62000,わ
90,62000,62220,も
90,62220,62400,わ
90,62400,62580,い
90,62580,62960,と
90,62960,63140,と
90,63140,63340,て
90,63340,64080,<silence>
90,64080,64280,つ
90,64280,64640,こ
90,64640,64800,く
90,64800,65000,と
90,65000,65420,て
90,65420,65500,い
90,65500,65760,ん
90,65760,66120,て
90,66120,66320,く
90,66320,66500,ま
90,66500,66920,と
90,66920,67080,と
90,67080,67280,う
90,67280,67660,く
90,67660,67820,く
90,67820,68020,た
90,68020,68400,つ
90,68400,68580,ん
90,68580,68780,い
90,68780,69120,す
90,69120,69320,め
90,69320,69520,い
90,69520,69880,か
90,69880,70020,く
90,70020,70260,く
90,70260,70440,く
90,70440,70720,こ
90,70720,70840,が
90,70840,71000,わ
90,71000,72080,<silence>
90,72080,73840,も
90,73840,74200,う
90,74200,77560,こ
90,77560,77600,ん
90,77600,77960,く
90,77960,78180,く
90,78180,78700,と
90,78700,78820,む
90,78820,78980,ん
90,78980,79120,の
90,79120,79280,う
90,79280,79460,く
90,79460,79740,き
90,79740,80220,と
90,80220,80320,い
90,80320,80480,く
90,80480,80600,ちょ
90,80600,80800,を
90,80800,80860,ん
90,80860,80960,う
90,80960,81040,ん
90,81040,81140,い
90,81140,81260,ん
90,81260,81340,う
90,81340,81520,い
90,81520,81680,な
90,81680,83940,<silence>
90,83940,84240,お
90,84240,84560,い
90,84560,84640,い
90,84640,84720,い
90,84720,84920,い
90,84920,85000,い
90,85000,85180,い
90,85180,85320,に
90,85320,85440,ん
90,85440,85720,ん
90,85720,86340,く
90,86340,86420,い
90,86420,86640,ん
90,86640,86780,い
90,86780,87000,う
90,87000,87120,い
90,87120,87200,く
90,87200,87340,く
90,87340,87500,い
90,87500,87680,う
90,87680,87900,て
90,87900,88220,な
90,88220,88820,く
90,88820,89080,す
90,89080,89200,す
90,89200,89400,い
90,89400,89540,い
90,89540,89760,い
90,89760,89960,い
90,89960,90000,ん
90,90000,90060,い
90,90060,90160,ん
90,90160,90320,て
90,90320,90520,な
90,90520,90700,い
90,90700,91100,<silence>
90,91100,91260,い
90,91260,91480,た
90,91480,91640,し
90,91640,91840,す
90,91840,92040,い
90,92040,92120,ん
90,92120,92220,く
90,92220,93660,<silence>
90,93660,93860,ん
90,93860,94000,ん
90,94000,94080,ん
90,94080,94240,し
90,94240,94440,す
90,94440,94720,さ
90,94720,94780,ん
90,94780,94820,ん
90,94820,95400,よ
90,95400,95520,ん
90,95520,95680,ま
90,95680,95760,い
90,95760,95940,く
90,95940,96140,た
90,96140,96380,つ
90,96380,96540,い
90,96540,96720,ん
90,96720,96960,ん
90,96960,97140,と
90,97140,97300,く
90,97300,97460,て
90,97460,97640,て
90,97640,97820,な
90,97820,98040,ん
90,98040,98200,な
90,98200,98420,ん
90,98420,98520,ん
90,98520,98740,な
90,98740,98940,い
90,98940,99140,ん
90,99140,99480,な
90,99480,99700,い
90,99700,99980,<silence>
90,99980,100080,た
90,100080,100240,す
90,100240,100340,し
90,100340,100480,さ
90,100480,100640,い
90,100640,100840,ん
90,100840,101220,い
90,101220,101580,ん
90,101580,102160,い
90,102160,102500,う
90,102500,102700,お
90,102700,103060,い
90,103060,103480,<silence>
90,103480,103520,い
90,103520,103660,く
90,103660,103860,く
90,103860,104060,い
90,104060,104220,い
90,104220,104400,は
90,104400,104560,お
90,104560,104740,く
90,104740,104960,か
90,104960,105140,え
90,105140,105340,ん
90,105340,105480,し
90,105480,105520,ん
90,105520,107200,<silence>
90,107200,107400,こ
90,107400,107580,う
90,107580,107760,く
90,107760,107940,と
90,107940,108140,と
90,108140,108500,え
90,108500,108700,く
90,108700,108880,こ
90,108880,109080,し
90,109080,109260,す
90,109260,109460,い
90,109460,109640,い
90,109640,109840,ん
90,109840,110000,ん
90,110000,110200,く
90,110200,110560,も
90,110560,110760,ん
90,110760,110940,ん
90,110940,111320,ま
90,111320,111900,る
90,111900,112080,ん
90,112080,112280,の
90,112280,112440,し
90,112440,112620,さ
90,112620,112840,ん
90,112840,113220,ん
90,113220,113600,い
90,113600,113720,い
90,113720,113960,ん
90,113960,114140,ん
90,114140,114340,ん
90,114340,114500,ん
90,114500,115060,く
90,115060,115440,て
90,115440,115640,ん
90,115640,115840,ん
90,115840,116020,い
90,116020,116220,か
90,116220,116580,ん
90,116580,116960,う
90,116960,117160,い
90,117160,117300,い
90,117300,117540,い
90,117540,117920,ほ
90,117920,118140,を
90,118140,118260,ん
90,118260,118460,く
90,118460,118660,か
90,118660,118840,ん
90,118840,119200,<silence>
90,119200,119580,と
90,119580,119820,<silence>
90,119820,119940,た
90,119940,120120,た
90,120120,120300,く
90,120300,120480,た
90,120480,120680,ん
90,120680,121060,な
90,121060,121440,ん
90,121440,121640,す
90,121640,121840,す
90,121840,122020,き
90,122020,122200,て
90,122200,122380,た
90,122380,122580,ん
90,122580,122940,ん
90,122940,123120,い
90,123120,123300,ん
90,123300,123500,め
90,123500,124040,ん
90,124040,124240,い
90,124240,124440,き
90,124440,124540,て
90,124540,124840,ん
90,124840,125020,ん
90,125020,125420,た
90,125420,125600,い
90,125600,125800,ん
90,125800,126180,た
90,126180,126320,ん
90,126320,126520,ん
90,126520,126880,つ
90,126880,127060,ん
90,127060,127260,も
90,127260,127640,い
90,127640,127840,い
90,127840,128040,い
90,128040,128380,る
90,128380,128580,す
90,128580,128780,て
90,128780,129180,に
90,129180,129340,ん
90,129340,129540,は
90,129540,129680,ん
90,129680,129880,ね
90,129880,130060,ん
90,130060,130280,ん
90,130280,130480,お
90,130480,130840,ん
90,130840,131000,ち
90,131000,146540,<silence>
90,146540,146900,<silence>
90,146900,147100,く
90,147100,147300,<silence>
90,147300,147480,す
90,147480,147680,<silence>
90,147680,148800,に
90,148800,149020,い
90,149020,149220,ん
90,149220,149580,え
90,149580,149960,え
90,149960,150120,ん
90,150120,150340,え
90,150340,150520,ん
90,150520,150700,い
90,150700,151640,え
90,151640,151820,い
90,151820,152200,い
90,152200,152580,え
90,152580,152940,い
90,152940,153140,い
90,153140,153320,ん
90,153320,153520,<silence>
90,153520,153700,<silence>
90,153700,154800,<silence>
90,154800,155000,い
90,155000,155200,<silence>
90,155200,155780,を
90,155780,156300,き
90,156300,156880,と
90,156880,157420,つ
90,157420,157520,ま
90,157520,157820,と
90,157820,158220,す
90,158220,158440,ふ
90,158440,158740,ぼ
90,158740,158960,く
90,158960,159320,も
90,159320,159500,く
90,159500,160060,と
90,160060,160260,つ
90,160260,160440,く
90,160440,160800,ふ
90,160800,161160,く
90,161160,161400,ぽ
90,161400,161740,く
90,161740,161960,く
90,161960,162800,こ
90,162800,163060,く
90,163060,163220,こ
90,163220,163420,く
90,163420,163780,そ
90,163780,164080,く
90,164080,164220,く
90,164220,164400,す
90,164400,164760,<silence>
90,164760,164940,<silence>
90,164940,165320,<silence>
90,165320,166800,<silence>
90,166800,167180,<silence>
90,167180,167720,ぽ
90,167720,167800,く
90,167800,168200,こ
90,168200,168320,う
90,168320,169400,を
90,169400,169800,ぼ
90,169800,170180,こ
90,170180,183640,<silence>
90,183640,188120,<silence>
90,188120,189560,と
90,189560,189860,す
90,189860,190180,ね
90,190180,190440,<silence>
90,190440,190640,く
90,190640,190820,く
90,190820,191580,る
90,191580,191940,た
90,191940,192320,て
90,192320,192520,う
90,192520,192700,ひ
90,192700,193080,み
90,193080,193340,む
90,193340,193460,て
90,193460,193660,く
90,193660,193840,ん
90,193840,194020,ぶ
90,194020,194220,し
90,194220,194580,し
90,194580,194760,ん
90,194760,194960,う
90,194960,195140,ん
90,195140,195320,く
90,195320,195500,ば
90,195500,195880,う
90,195880,196060,く
90,196060,196240,た
90,196240,196440,ん
90,196440,196640,ふ
90,196640,196840,く
90,196840,197200,さ
90,197200,197560,<silence>
90,197560,197920,ぶ
90,197920,198040,わ
90,198040,198140,う
90,198140,198320,つ
90,198320,198540,そ
90,198540,198700,ん
90,198700,199040,ち
90,199040,199640,す
90,199640,199780,ま
90,199780,200020,く
90,200020,200200,ん
90,200200,200400,う
90,200400,200580,て
90,200580,200840,を
90,200840,200960,く
90,200960,201340,く
90,201340,201860,く
90,201860,202240,い
90,202240,202440,ん
90,202440,202580,だ
90,202580,202620,ん
90,202620,202800,い
90,202800,202980,ん
90,202980,203380,め
90,203380,203580,ん
90,203580,203760,ん
90,203760,204160,ん
90,204160,204520,の
90,204520,204860,う
90,204860,205060,こ
90,205060,205280,と
90,205280,205820,を
90,205820,206020,う
90,206020,206380,も
90,206380,206560,ん
90,206560,206760,も
90,206760,207140,は
90,207140,207320,<silence>
90,207320,207520,て
90,207520,207880,し
90,207880,208080,い
90,208080,208440,め
90,208440,208820,く
90,208820,211160,て
90,211160,211440,う
90,211440,213860,<silence>
90,213860,214460,ぶ
90,214460,214840,は
90,214840,215180,す
90,215180,221320,つ
90,221320,221640,う
90,221640,221960,く
90,221960,223140,と
90,223140,223500,を
90,223500,223860,う
90,223860,223920,こ
90,223920,224420,く
90,224420,224560,に
90,224560,224760,て
90,224760,224960,し
90,224960,225120,く
90,225120,225300,て
90,225300,225500,て
90,225500,225680,く
90,225680,225880,と
90,225880,226080,ん
90,226080,226260,な
90,226260,226480,ん
90,226480,226820,で
90,226820,227200,い
90,227200,227520,た
90,227520,227700,わ
90,227700,227940,ん
90,227940,228140,か
90,228140,228520,う
90,228520,228560,ん
90,228560,228680,く
90,228680,228780,く
90,228780,228860,ま
90,228860,229000,ん
90,229000,229100,か
90,229100,229220,い
90,229220,229440,ん
90,229440,235100,<silence>
91,0,2160,<silence>
91,2160,2620,<silence>
91,2620,3040,び
91,3040,3480,<silence>
91,3480,4120,<silence>
91,4120,4360,た
91,4360,5000,ば
91,5000,5220,さ
91,5220,5460,す
91,5460,5660,め
91,5660,5860,え
91,5860,6100,は
91,6100,6320,た
91,6320,6520,ま
91,6520,6740,ん
91,6740,6960,ん
91,6960,7400,た
91,7400,7840,は
91,7840,8260,は
91,8260,8700,す
91,8700,9540,す
91,9540,9800,ん
91,9800,10020,く
91,10020,10260,て
91,10260,10460,く
91,10460,11280,と
91,11280,11740,と
91,11740,12180,て
91,12180,12600,さ
91,12600,13020,<silence>
91,13020,13320,た
91,13320,13360,く
91,13360,13520,ん
91,13520,13880,す
91,13880,23660,<silence>
91,23660,32580,<silence>
91,32580,33360,<silence>
91,33360,33620,<silence>
91,33620,34100,<silence>
91,34100,34340,<silence>
91,34340,34540,<silence>
91,34540,35440,<silence>
91,35440,35800,す
91,35800,36020,<silence>
91,36020,36100,ま
91,36100,36300,<silence>
91,36300,36700,<silence>
91,36700,36820,く
91,36820,36960,<silence>
91,36960,37180,<silence>
91,37180,37300,ん
91,37300,37380,ん
91,37380,37600,<silence>
91,37600,37840,<silence>
91,37840,38020,<silence>
91,38020,38440,<silence>
91,38440,38620,み
91,38620,38700,ん
91,38700,38920,<silence>
91,38920,39020,ま
91,39020,39340,<silence>
91,39340,39560,<silence>
91,39560,39820,<silence>
91,39820,39980,く
91,39980,40320,く
91,40320,40640,く
91,40640,41040,<silence>
91,41040,41280,く
91,41280,41940,<silence>
91,41940,42380,<silence>
91,42380,42760,<silence>
91,42760,43040,<silence>
91,43040,43240,く
91,43240,43740,<silence>
91,43740,43920,く
91,43920,44120,<silence>
91,44120,44580,<silence>
91,44580,44780,す
91,44780,45000,て
91,45000,45960,<silence>
91,45960,46440,<silence>
91,46440,46500,ん
91,46500,46740,<silence>
91,46740,46940,<silence>
91,46940,47140,<silence>
91,47140,47240,ん
91,47240,47580,<silence>
91,47580,48040,<silence>
91,48040,48240,<silence>
91,48240,48480,<silence>
91,48480,48900,<silence>
91,48900,49120,て
91,49120,49680,ん
91,49680,49920,ん
91,49920,49960,ん
91,49960,50240,<silence>
91,50240,50640,<silence>
91,50640,50760,た
91,50760,50880,ま
91,50880,51080,<silence>
91,51080,51160,ん
91,51160,51300,ん
91,51300,51520,<silence>
91,51520,51740,<silence>
91,51740,51960,<silence>
91,51960,52400,<silence>
91,52400,52600,<silence>
91,52600,52820,<silence>
91,52820,53240,<silence>
91,53240,53500,<silence>
91,53500,53740,<silence>
91,53740,53920,<silence>
91,53920,54220,<silence>
91,54220,54560,<silence>
91,54560,55000,<silence>
91,55000,55220,<silence>
91,55220,55420,<silence>
91,55420,55860,<silence>
91,55860,56100,<silence>
91,56100,56300,く
91,56300,56940,<silence>
91,56940,57380,<silence>
91,57380,57760,<silence>
91,57760,58020,ん
91,58020,58240,て
91,58240,58480,く
91,58480,58680,く
91,58680,58900,ん
91,58900,59360,<silence>
91,59360,59580,く
91,59580,59760,ん
91,59760,60220,<silence>
91,60220,60420,く
91,60420,60640,く
91,60640,60780,く
91,60780,62400,<silence>
91,62400,62840,く
91,62840,63040,く
91,63040,65640,<silence>
91,65640,65860,い
91,65860,66520,よ
91,66520,67400,う
91,67400,68460,そ
91,68460,68540,お
91,68540,68680,う
91,68680,68960,ば
91,68960,69000,か
91,69000,69320,た
91,69320,69540,う
91,69540,69880,ん
91,69880,70200,わ
91,70200,70400,は
91,70400,70760,う
91,70760,71060,く
91,71060,72660,が
91,72660,73480,と
91,73480,73920,そ
91,73920,74340,そ
91,74340,74760,く
91,74760,75420,は
91,75420,75640,う
91,75640,76300,に
91,76300,76500,あ
91,76500,76740,う
91,76740,76960,く
91,76960,77200,き
91,77200,77400,す
91,77400,77660,す
91,77660,77820,ら
91,77820,78060,ぶ
91,78060,78280,に
91,78280,78680,い
91,78680,79120,と
91,79120,79540,こ
91,79540,80020,<silence>
91,80020,81300,す
91,81300,81520,と
91,81520,81720,わ
91,81720,81920,わ
91,81920,82020,ま
91,82020,82260,た
91,82260,82440,う
91,82440,82600,く
91,82600,82820,こ
91,82820,83160,ん
91,83160,83360,ん
91,83360,83500,ん
91,83500,83540,ん
91,83540,83680,ん
91,83680,83800,ん
91,83800,84020,み
91,84020,84120,ん
91,84120,84340,は
91,84340,84480,う
91,84480,84780,う
91,84780,84940,そ
91,84940,85080,お
91,85080,85220,わ
91,85220,87360,<silence>
91,87360,87820,む
91,87820,88260,ま
91,88260,88700,そ
91,88700,89340,す
91,89340,89560,ま
91,89560,89800,ま
91,89800,89940,し
91,89940,89980,し
91,89980,90220,そ
91,90220,90420,わ
91,90420,90840,う
91,90840,91300,う
91,91300,91420,れ
91,91420,91740,う
91,91740,91940,し
91,91940,92180,<silence>
91,92180,92620,<silence>
91,92620,93060,<silence>
91,93060,93480,す
91,93480,93920,こ
91,93920,94760,そ
91,94760,95000,う
91,95000,95200,む
91,95200,95420,こ
91,95420,96240,う
91,96240,96440,い
91,96440,96960,う
91,96960,97380,て
91,97380,97800,ん
91,97800,98260,だ
91,98260,113460,<silence>
91,113460,113880,う
91,113880,114240,と
91,114240,114480,お
91,114480,114560,い
91,114560,114960,こ
91,114960,115220,う
91,115220,115620,ん
91,115620,115900,て
91,115900,116300,ぱ
91,116300,116940,く
91,116940,117180,ま
91,117180,117600,し
91,117600,117700,い
91,117700,117820,ん
91,117820,118040,も
91,118040,118140,い
91,118140,118280,い
91,118280,118480,ん
91,118480,118720,ん
91,118720,118920,わ
91,118920,119340,は
91,119340,119540,ん
91,119540,119680,る
91,119680,119780,ん
91,119780,120220,う
91,120220,120660,く
91,120660,120880,く
91,120880,121220,く
91,121220,121520,わ
91,121520,121940,ん
91,121940,122160,う
91,122160,122260,い
91,122260,122360,う
91,122360,122820,お
91,122820,123240,ほ
91,123240,123660,ほ
91,123660,123900,こ
91,123900,124120,わ
91,124120,124560,く
91,124560,124780,の
91,124780,125000,な
91,125000,125440,わ
91,125440,125640,し
91,125640,125860,す
91,125860,127040,と
91,127040,127320,お
91,127320,127380,お
91,127380,127600,お
91,127600,127820,う
91,127820,127940,が
91,127940,128140,な
91,128140,128460,ふ
91,128460,128900,<silence>
91,128900,129120,<silence>
91,129120,129340,く
91,129340,129780,ぼ
91,129780,130000,こ
91,130000,130580,ふ
91,130580,130820,か
91,130820,131040,で
91,131040,131500,と
91,131500,131640,わ
91,131640,131720,ど
91,131720,131960,と
91,131960,132160,う
91,132160,132400,わ
91,132400,132580,あ
91,132580,132820,は
91,132820,133260,す
91,133260,133460,ん
91,133460,133700,ん
91,133700,134120,ん
91,134120,134340,ん
91,134340,134580,ん
91,134580,134760,ん
91,134760,135120,は
91,135120,135420,は
91,135420,135800,う
91,135800,135960,あ
91,135960,136080,う
91,136080,136300,ん
91,136300,136720,さ
91,136720,136940,く
91,136940,137160,く
91,137160,137840,た
91,137840,137940,し
91,137940,138260,す
91,138260,138840,ん
91,138840,138900,い
91,138900,139040,ん
91,139040,139120,く
91,139120,139560,て
91,139560,139760,ん
91,139760,139820,に
91,139820,139980,わ
91,139980,140440,ん
91,140440,140700,ま
91,140700,140860,ん
91,140860,141740,い
91,141740,143880,<silence>
91,143880,144120,み
91,144120,145600,<silence>
91,145600,145640,い
91,145640,146080,<silence>
91,146080,146140,て
91,146140,146700,<silence>
91,146700,147380,<silence>
91,147380,147620,わ
91,147620,149580,さ
91,149580,150220,も
91,150220,150580,わ
91,150580,150660,ん
91,150660,150860,す
91,150860,151080,す
91,151080,152140,つ
91,152140,152620,ん
91,152620,155460,<silence>
91,155460,155540,く
91,155540,155660,く
91,155660,156280,く
91,156280,156520,い
91,156520,156840,た
91,156840,157420,う
91,157420,158040,く
91,158040,158280,も
91,158280,158600,ま
91,158600,158920,あ
91,158920,159140,ん
91,159140,162480,<silence>
91,162480,163100,ぼ
91,163100,163260,し
91,163260,163460,い
91,163460,163740,た
91,163740,163920,て
91,163920,164140,と
91,164140,164360,は
91,164360,164980,う
91,164980,165200,し
91,165200,165560,み
91,165560,166060,ぼ
91,166060,169320,<silence>
91,169320,169460,お
91,169460,169620,く
91,169620,170060,つ
91,170060,170200,も
91,170200,170420,も
91,170420,170780,め
91,170780,171080,ん
91,171080,171780,に
91,171780,171960,ん
91,171960,172180,な
91,172180,172500,ん
91,172500,172820,う
91,172820,173040,ん
91,173040,173540,<silence>
91,173540,173680,て
91,173680,173900,<silence>
91,173900,174240,<silence>
91,174240,174580,<silence>
91,174580,174780,か
91,174780,175200,か
91,175200,175640,わ
91,175640,176060,さ
91,176060,176520,に
91,176520,177020,ら
91,177020,177340,ん
91,177340,177380,ん
91,177380,177840,ま
91,177840,178260,え
91,178260,178920,ん
91,178920,179560,そ
91,179560,179900,も
91,179900,180000,な
91,180000,182160,<silence>
91,182160,182620,は
91,182620,183060,つ
91,183060,183460,す
91,183460,184120,す
91,184120,184340,に
91,184340,184600,と
91,184600,184780,ん
91,184780,185000,い
91,185000,185440,と
91,185440,185660,ん
91,185660,185860,ん
91,185860,186080,ん
91,186080,186340,と
91,186340,186500,わ
91,186500,186660,ま
91,186660,186740,ん
91,186740,186960,く
91,186960,187380,た
91,187380,187820,ら
91,187820,188220,ば
91,188220,188700,い
91,188700,190000,<silence>
91,190000,190220,と
91,190220,190400,う
91,190400,190500,ぼ
91,190500,190640,わ
91,190640,190720,あ
91,190720,190980,ぼ
91,190980,191160,え
91,191160,191300,う
91,191300,191520,ぼ
91,191520,191860,う
91,191860,192040,い
91,192040,192160,な
91,192160,192240,か
91,192240,192380,ん
91,192380,192500,く
91,192500,192720,ま
91,192720,192820,ま
91,192820,193040,ん
91,193040,193180,ま
91,193180,193480,ま
91,193480,193640,い
91,193640,193780,い
91,193780,193920,ん
91,193920,196080,は
91,196080,196500,い
91,196500,196960,た
91,196960,197380,ん
91,197380,198040,い
91,198040,198260,い
91,198260,198500,い
91,198500,198680,い
91,198680,198900,い
91,198900,199120,い
91,199120,199340,ん
91,199340,199520,ん
91,199520,200000,ん
91,200000,200240,ん
91,200240,200420,ん
91,200420,200660,ん
91,200660,200860,ん
91,200860,201300,ん
91,201300,201720,ん
91,201720,202160,ん
91,202160,203260,<silence>
91,203260,203460,ま
91,203460,203680,<silence>
91,203680,203900,<silence>
91,203900,204120,み
91,204120,204340,<silence>
91,204340,204860,び
91,204860,205240,び
91,205240,205660,<silence>
91,205660,206080,<silence>
91,206080,206520,<silence>
91,206520,207860,<silence>
91,207860,210420,<silence>
91,210420,210660,ん
91,210660,210860,く
91,210860,211080,<silence>
91,211080,211800,<silence>
91,211800,212140,<silence>
91,212140,212600,<silence>
91,212600,213040,ん
91,213040,213460,<silence>
91,213460,213920,<silence>
91,213920,214340,<silence>
91,214340,223280,<silence>
91,223280,224060,<silence>
91,224060,227460,<silence>
91,227460,236040,と
92,0,1420,<silence>
92,1420,1600,い
92,1600,1740,い
92,1740,1840,い
92,1840,1900,い
92,1900,2100,<silence>
92,2100,2220,い
92,2220,2260,い
92,2260,2420,<silence>
92,2420,2600,た
92,2600,2820,<silence>
92,2820,3000,ぽ
92,3000,3200,く
92,3200,3420,と
92,3420,3600,お
92,3600,3800,く
92,3800,4020,ま
92,4020,4600,と
92,4600,4820,お
92,4820,5200,ぼ
92,5200,5600,ひ
92,5600,6020,く
92,6020,6380,こ
92,6380,6620,の
92,6620,6840,お
92,6840,7020,ぼ
92,7020,7200,お
92,7200,7300,こ
92,7300,7620,は
92,7620,7960,と
92,7960,8220,と
92,8220,8320,お
92,8320,8520,わ
92,8520,8680,さ
92,8680,8820,く
92,8820,8960,つ
92,8960,9200,<silence>
92,9200,9420,と
92,9420,9620,ふ
92,9620,9820,ぶ
92,9820,9980,い
92,9980,10120,い
92,10120,10200,ん
92,10200,10400,く
92,10400,10960,と
92,10960,11200,し
92,11200,11600,そ
92,11600,12000,う
92,12000,12420,と
92,12420,12800,う
92,12800,13000,お
92,13000,13200,う
92,13200,13600,こ
92,13600,14280,す
92,14280,14320,う
92,14320,14780,び
92,14780,15180,い
92,15180,15720,ぼ
92,15720,15760,く
92,15760,16140,く
92,16140,16400,い
92,16400,16560,つ
92,16560,16780,い
92,16780,17200,き
92,17200,17620,い
92,17620,18180,す
92,18180,18400,く
92,18400,18800,と
92,18800,19000,ぼ
92,19000,19240,く
92,19240,19540,と
92,19540,19820,お
92,19820,20000,も
92,20000,20220,お
92,20220,20420,し
92,20420,20800,す
92,20800,21160,こ
92,21160,21560,う
92,21560,22100,こ
92,22100,22160,お
92,22160,22560,く
92,22560,22800,い
92,22800,22980,い
92,22980,23180,ん
92,23180,23620,た
92,23620,23980,う
92,23980,24540,な
92,24540,25000,う
92,25000,25200,い
92,25200,25400,い
92,25400,25620,ん
92,25620,25780,と
92,25780,26000,ん
92,26000,26380,も
92,26380,33780,さ
92,33780,33880,い
92,33880,33980,い
92,33980,34220,い
92,34220,34400,あ
92,34400,34600,こ
92,34600,34840,お
92,34840,35000,お
92,35000,35220,う
92,35220,35380,ご
92,35380,35600,お
92,35600,35980,<silence>
92,35980,36320,く
92,36320,36600,こ
92,36600,37000,お
92,37000,37100,い
92,37100,37200,お
92,37200,37400,ん
92,37400,37580,ん
92,37580,37800,い
92,37800,37960,い
92,37960,38000,く
92,38000,38120,も
92,38120,38220,ま
92,38220,38400,ん
92,38400,38660,く
92,38660,39000,を
92,39000,39180,と
92,39180,39400,る
92,39400,39540,い
92,39540,40000,ば
92,40000,40380,わ
92,40380,40800,す
92,40800,41200,く
92,41200,41380,う
92,41380,41600,う
92,41600,42020,そ
92,42020,42420,<silence>
92,42420,42820,こ
92,42820,42980,ん
92,42980,43180,ん
92,43180,43620,ば
92,43620,44000,<silence>
92,44000,44400,<silence>
92,44400,44520,く
92,44520,44820,お
92,44820,46000,こ
92,46000,46580,さ
92,46580,46680,い
92,46680,46820,い
92,46820,47000,ま
92,47000,47200,さ
92,47200,47420,そ
92,47420,47620,ん
92,47620,47840,ん
92,47840,48020,く
92,48020,48300,こ
92,48300,48620,お
92,48620,48820,す
92,48820,49220,く
92,49220,49560,い
92,49560,49780,か
92,49780,50020,い
92,50020,50200,た
92,50200,50420,ん
92,50420,50640,と
92,50640,50840,く
92,50840,51040,く
92,51040,51220,く
92,51220,51780,あ
92,51780,52000,く
92,52000,52200,し
92,52200,52400,ん
92,52400,52780,ん
92,52780,53580,た
92,53580,53980,は
92,53980,54200,く
92,54200,54420,く
92,54420,54600,く
92,54600,54840,<silence>
92,54840,55020,<silence>
92,55020,55200,<silence>
92,55200,55580,<silence>
92,55580,55720,い
92,55720,56040,<silence>
92,56040,58580,<silence>
92,58580,58840,<silence>
92,58840,59040,<silence>
92,59040,59220,<silence>
92,59220,59800,<silence>
92,59800,60020,<silence>
92,60020,60440,<silence>
92,60440,60620,<silence>
92,60620,60820,<silence>
92,60820,61220,<silence>
92,61220,61560,<silence>
92,61560,62000,<silence>
92,62000,62200,<silence>
92,62200,62420,<silence>
92,62420,62820,<silence>
92,62820,63220,<silence>
92,63220,63580,<silence>
92,63580,63800,<silence>
92,63800,64020,<silence>
92,64020,64420,<silence>
92,64420,64640,<silence>
92,64640,65240,<silence>
92,65240,65440,<silence>
92,65440,65640,<silence>
92,65640,66200,<silence>
92,66200,66400,<silence>
92,66400,66740,<silence>
92,66740,66980,<silence>
92,66980,67200,<silence>
92,67200,67420,<silence>
92,67420,67600,く
92,67600,68000,<silence>
92,68000,68420,ぶ
92,68420,68560,で
92,68560,68800,ん
92,68800,69120,な
92,69120,69420,す
92,69420,69600,う
92,69600,69920,に
92,69920,70220,ん
92,70220,70420,ん
92,70420,70780,つ
92,70780,71140,そ
92,71140,71200,ん
92,71200,71500,き
92,71500,71780,い
92,71780,72000,く
92,72000,72080,あ
92,72080,72220,え
92,72220,72340,あ
92,72340,72500,お
92,72500,72620,ん
92,72620,72800,ば
92,72800,73000,お
92,73000,73200,う
92,73200,73400,と
92,73400,73580,え
92,73580,73820,ん
92,73820,74000,つ
92,74000,74200,ぼ
92,74200,74400,つ
92,74400,74760,ま
92,74760,74980,ん
92,74980,75220,ん
92,75220,75600,ば
92,75600,76020,な
92,76020,76420,か
92,76420,76820,と
92,76820,77060,え
92,77060,77200,ん
92,77200,77420,む
92,77420,77620,も
92,77620,77720,ん
92,77720,78020,て
92,78020,78260,て
92,78260,78400,し
92,78400,78620,す
92,78620,78720,ん
92,78720,78920,も
92,78920,79020,ん
92,79020,79080,ん
92,79080,79220,い
92,79220,79420,い
92,79420,79600,ん
92,79600,80000,う
92,80000,80220,と
92,80220,80420,な
92,80420,80620,の
92,80620,80820,ん
92,80820,81160,<silence>
92,81160,81380,と
92,81380,81580,の
92,81580,81720,く
92,81720,82000,ひ
92,82000,82400,る
92,82400,82800,ぼ
92,82800,83220,い
92,83220,83420,そ
92,83420,83620,う
92,83620,84000,う
92,84000,84420,そ
92,84420,84780,わ
92,84780,85180,た
92,85180,85580,を
92,85580,86120,<silence>
92,86120,86160,う
92,86160,86540,の
92,86540,86780,い
92,86780,86960,い
92,86960,87180,す
92,87180,87980,く
92,87980,88540,く
92,88540,88800,ん
92,88800,89200,く
92,89200,89620,ん
92,89620,89920,よ
92,89920,90220,お
92,90220,90400,わ
92,90400,90620,は
92,90620,90800,あ
92,90800,91020,あ
92,91020,91560,は
92,91560,91960,は
92,91960,92520,<silence>
92,92520,92560,い
92,92560,92960,<silence>
92,92960,93200,<silence>
92,93200,93380,く
92,93380,93580,ん
92,93580,94040,か
92,94040,94400,に
92,94400,94940,く
92,94940,95140,を
92,95140,95400,と
92,95400,95600,す
92,95600,95800,よ
92,95800,96000,あ
92,96000,96160,み
92,96160,96400,い
92,96400,96800,す
92,96800,101640,<silence>
92,101640,101980,う
92,101980,102100,ん
92,102100,102180,ん
92,102180,102380,ん
92,102380,102480,ん
92,102480,102540,ん
92,102540,102580,る
92,102580,103340,よ
92,103340,105540,く
92,105540,105740,た
92,105740,106380,い
92,106380,106480,ん
92,106480,106580,く
92,106580,107000,<silence>
92,107000,107080,ん
92,107080,107280,ん
92,107280,107380,ん
92,107380,107480,ん
92,107480,107560,ん
92,107560,107660,ん
92,107660,107800,み
92,107800,108000,ん
92,108000,108060,も
92,108060,108160,ま
92,108160,108620,ぱ
92,108620,108980,と
92,108980,109140,う
92,109140,110620,た
92,110620,110760,え
92,110760,110880,い
92,110880,110980,う
92,110980,111120,ん
92,111120,111260,て
92,111260,111360,こ
92,111360,111540,ん
92,111540,111720,ん
92,111720,111860,ん
92,111860,111900,い
92,111900,112020,ん
92,112020,112140,ん
92,112140,112220,い
92,112220,112340,い
92,112340,112500,い
92,112500,112580,い
92,112580,112740,う
92,112740,112800,い
92,112800,112920,い
92,112920,113180,い
92,113180,113280,ん
92,113280,113380,い
92,113380,113560,い
92,113560,113720,い
92,113720,113840,い
92,113840,113920,い
92,113920,114220,い
92,114220,114500,い
92,114500,114600,い
92,114600,114680,い
92,114680,115040,い
92,115040,115460,い
92,115460,115700,す
92,115700,115920,<silence>
92,115920,116120,<silence>
92,116120,116300,<silence>
92,116300,116820,<silence>
92,116820,116980,<silence>
92,116980,117300,<silence>
92,117300,117540,は
92,117540,119620,ば
92,119620,119820,ん
92,119820,119920,い
92,119920,120200,ふ
92,120200,120420,い
92,120420,120600,い
92,120600,120840,い
92,120840,120980,<silence>
92,120980,121200,<silence>
92,121200,121500,た
92,121500,121580,い
92,121580,121900,に
92,121900,122200,い
92,122200,122580,く
92,122580,122700,い
92,122700,122800,い
92,122800,122960,い
92,122960,123200,<silence>
92,123200,123400,た
92,123400,123580,う
92,123580,123620,う
92,123620,123820,わ
92,123820,124000,く
92,124000,124300,て
92,124300,124620,ぷ
92,124620,124820,ん
92,124820,125000,と
92,125000,125160,あ
92,125160,125220,い
92,125220,125460,う
92,125460,125580,く
92,125580,126400,て
92,126400,126600,と
92,126600,126780,え
92,126780,127000,ん
92,127000,127200,く
92,127200,127820,ん
92,127820,128000,ん
92,128000,128400,と
92,128400,128820,<silence>
92,128820,130440,だ
92,130440,131340,う
92,131340,131380,い
92,131380,131620,い
92,131620,131800,い
92,131800,132000,い
92,132000,132580,い
92,132580,132800,う
92,132800,133200,を
92,133200,133400,う
92,133400,133620,く
92,133620,134000,<silence>
92,134000,134300,く
92,134300,134380,し
92,134380,134800,す
92,134800,134940,も
92,134940,135200,は
92,135200,135580,の
92,135580,135820,い
92,135820,136000,く
92,136000,136400,と
92,136400,136800,う
92,136800,136980,く
92,136980,137100,く
92,137100,137200,く
92,137200,137420,こ
92,137420,137600,う
92,137600,137820,も
92,137820,138000,ん
92,138000,138120,す
92,138120,138220,し
92,138220,138460,そ
92,138460,139020,さ
92,139020,139220,く
92,139220,139540,く
92,139540,139780,い
92,139780,140000,こ
92,140000,140220,ん
92,140220,140420,く
92,140420,140540,と
92,140540,140800,ん
92,140800,141220,く
92,141220,141620,う
92,141620,141920,こ
92,141920,142220,う
92,142220,142400,く
92,142400,142600,て
92,142600,142800,ん
92,142800,143000,く
92,143000,143200,く
92,143200,143500,<silence>
92,143500,143560,た
92,143560,143960,な
92,143960,144340,ふ
92,144340,146220,は
92,146220,146400,ん
92,146400,146480,て
92,146480,146620,い
92,146620,146740,ん
92,146740,146900,ん
92,146900,147020,の
92,147020,147220,の
92,147220,147420,い
92,147420,147620,い
92,147620,147820,い
92,147820,147980,い
92,147980,148220,と
92,148220,148400,く
92,148400,148620,こ
92,148620,148820,う
92,148820,149400,は
92,149400,149620,く
92,149620,150020,<silence>
92,150020,150380,け
92,150380,150820,み
92,150820,151200,ん
92,151200,151400,と
92,151400,151620,わ
92,151620,151820,を
92,151820,152000,ん
92,152000,152420,の
92,152420,152640,い
92,152640,152800,う
92,152800,153020,と
92,153020,153140,う
92,153140,153320,う
92,153320,153420,う
92,153420,153620,ん
92,153620,153820,む
92,153820,154000,い
92,154000,154220,い
92,154220,154420,う
92,154420,154640,も
92,154640,155020,う
92,155020,155200,ん
92,155200,156020,<silence>
92,156020,156420,ぶ
92,156420,156820,く
92,156820,156920,く
92,156920,157220,い
92,157220,157620,く
92,157620,157820,い
92,157820,158000,く
92,158000,158420,い
92,158420,159060,く
92,159060,159240,く
92,159240,159420,と
92,159420,159560,お
92,159560,159700,お
92,159700,159820,お
92,159820,159900,う
92,159900,160020,し
92,160020,160220,そ
92,160220,160420,う
92,160420,160620,ぱ
92,160620,160800,ん
92,160800,161020,ひ
92,161020,161200,い
92,161200,161420,こ
92,161420,161620,お
92,161620,162180,こ
92,162180,162400,ん
92,162400,162800,<silence>
92,162800,163200,く
92,163200,163620,く
92,163620,164020,る
92,164020,164400,る
92,164400,164620,ん
92,164620,164820,く
92,164820,164920,く
92,164920,165200,る
92,165200,165600,ん
92,165600,165800,つ
92,165800,165920,ん
92,165920,166120,い
92,166120,166220,い
92,166220,166420,ん
92,166420,166600,の
92,166600,166800,す
92,166800,166980,つ
92,166980,167200,ん
92,167200,167400,ん
92,167400,167620,ん
92,167620,167820,ん
92,167820,168020,ん
92,168020,168580,と
92,168580,168800,<silence>
92,168800,169220,<silence>
92,169220,169600,<silence>
92,169600,170020,こ
92,170020,170420,<silence>
92,170420,170640,こ
92,170640,170820,お
92,170820,171220,<silence>
92,171220,171640,た
92,171640,171980,<silence>
92,171980,172380,く
92,172380,172780,こ
92,172780,173300,<silence>
92,173300,173360,も
92,173360,173740,も
92,173740,173980,そ
92,173980,174160,そ
92,174160,174380,お
92,174380,174760,ま
92,174760,175200,<silence>
92,175200,175780,ほ
92,175780,176000,う
92,176000,176400,こ
92,176400,176820,<silence>
92,176820,177120,<silence>
92,177120,177420,ぱ
92,177420,177620,お
92,177620,177840,ぼ
92,177840,178000,お
92,178000,178740,そ
92,178740,178780,い
92,178780,179180,は
92,179180,179720,ふ
92,179720,180160,と
92,180160,180400,し
92,180400,180580,す
92,180580,180760,い
92,180760,181600,う
92,181600,182000,と
92,182000,182140,い
92,182140,182400,た
92,182400,182820,か
92,182820,183000,ん
92,183000,183200,く
92,183200,183420,こ
92,183420,183820,お
92,183820,184040,こ
92,184040,185140,た
92,185140,185180,た
92,185180,185560,こ
92,185560,186120,ぼ
92,186120,186540,も
92,186540,186780,さ
92,186780,186960,そ
92,186960,187180,も
92,187180,191560,た
92,191560,191960,く
92,191960,192520,あ
92,192520,192960,つ
92,192960,193200,ん
92,193200,193380,な
92,193380,193580,す
92,193580,194020,だ
92,194020,194400,お
92,194400,194760,え
92,194760,194820,い
92,194820,194980,<silence>
92,194980,195140,く
92,195140,195400,<silence>
92,195400,195600,<silence>
92,195600,195800,<silence>
92,195800,196000,<silence>
92,196000,196180,<silence>
92,196180,196380,<silence>
92,196380,196820,<silence>
92,196820,202540,<silence>
