start,end,break
0,50,False
50,100,False
100,150,False
150,200,False
200,250,False
250,300,False
300,350,False
350,400,False
400,450,False
450,500,False
500,550,False
550,600,False
600,650,False
650,700,False
700,750,False
750,800,False
800,850,False
850,900,False
900,950,False
950,1000,False
1000,1050,False
1050,1100,False
1100,1150,False
1150,1200,False
1200,1250,False
1250,1300,False
1300,1350,False
1350,1400,False
1400,1450,False
1450,1500,False
1500,1550,False
1550,1600,False
1600,1650,False
1650,1700,False
1700,1750,False
1750,1800,False
1800,1850,False
1850,1900,False
1900,1950,False
1950,2000,False
2000,2050,False
2050,2100,False
2100,2150,False
2150,2200,False
2200,2250,False
2250,2300,False
2300,2350,False
2350,2400,False
2400,2450,False
2450,2500,False
2500,2550,False
2550,2600,False
2600,2650,False
2650,2700,True
2700,2750,False
2750,2800,True
2800,2850,False
2850,2900,False
2900,2950,False
2950,3000,True
3000,3050,False
3050,3100,False
3100,3150,False
3150,3200,False
3200,3250,True
3250,3300,False
3300,3350,False
3350,3400,False
3400,3450,False
3450,3500,False
3500,3550,False
3550,3600,False
3600,3650,True
3650,3700,False
3700,3750,False
3750,3800,False
3800,3850,False
3850,3900,False
3900,3950,False
3950,4000,False
4000,4050,False
4050,4100,False
4100,4150,False
4150,4200,False
4200,4250,False
4250,4300,False
4300,4350,True
4350,4400,False
4400,4450,False
4450,4500,False
4500,4550,False
4550,4600,False
4600,4650,False
4650,4700,False
4700,4750,False
4750,4800,False
4800,4850,False
4850,4900,False
4900,4950,False
4950,5000,False
5000,5050,False
5050,5100,False
5100,5150,False
5150,5200,False
5200,5250,False
5250,5300,False
5300,5350,False
5350,5400,False
5400,5450,False
5450,5500,True
5500,5550,False
5550,5600,False
5600,5650,False
5650,5700,True
5700,5750,False
5750,5800,False
5800,5850,False
5850,5900,False
5900,5950,False
5950,6000,False
6000,6050,False
6050,6100,True
6100,6150,False
6150,6200,False
6200,6250,False
6250,6300,False
6300,6350,False
6350,6400,False
6400,6450,False
6450,6500,False
6500,6550,False
6550,6600,False
6600,6650,False
6650,6700,False
6700,6750,False
6750,6800,False
6800,6850,False
6850,6900,False
6900,6950,False
6950,7000,False
7000,7050,False
7050,7100,False
7100,7150,False
7150,7200,False
7200,7250,False
7250,7300,False
7300,7350,False
7350,7400,False
7400,7450,False
7450,7500,False
7500,7550,False
7550,7600,False
7600,7650,False
7650,7700,False
7700,7750,False
7750,7800,False
7800,7850,False
7850,7900,False
7900,7950,False
7950,8000,False
8000,8050,False
8050,8100,False
8100,8150,False
8150,8200,False
8200,8250,False
8250,8300,False
8300,8350,False
8350,8400,False
8400,8450,False
8450,8500,False
8500,8550,False
8550,8600,False
8600,8650,False
8650,8700,False
8700,8750,False
8750,8800,False
8800,8850,False
8850,8900,False
8900,8950,False
8950,9000,False
9000,9050,False
9050,9100,False
9100,9150,False
9150,9200,False
9200,9250,False
9250,9300,False
9300,9350,False
9350,9400,False
9400,9450,False
9450,9500,False
9500,9550,False
9550,9600,False
9600,9650,False
9650,9700,False
9700,9750,False
9750,9800,False
9800,9850,False
9850,9900,False
9900,9950,False
9950,10000,False
10000,10050,False
10050,10100,False
10100,10150,False
10150,10200,False
10200,10250,False
10250,10300,False
10300,10350,False
10350,10400,False
10400,10450,False
10450,10500,False
10500,10550,False
10550,10600,False
10600,10650,False
10650,10700,False
10700,10750,False
10750,10800,False
10800,10850,False
10850,10900,False
10900,10950,False
10950,11000,False
11000,11050,False
11050,11100,False
11100,11150,False
11150,11200,False
11200,11250,False
11250,11300,False
11300,11350,False
11350,11400,False
11400,11450,False
11450,11500,False
11500,11550,False
11550,11600,False
11600,11650,False
11650,11700,False
11700,11750,False
11750,11800,False
11800,11850,False
11850,11900,False
11900,11950,False
11950,12000,False
12000,12050,False
12050,12100,False
12100,12150,False
12150,12200,False
12200,12250,False
12250,12300,False
12300,12350,False
12350,12400,False
12400,12450,False
12450,12500,False
12500,12550,False
12550,12600,False
12600,12650,False
12650,12700,False
12700,12750,False
12750,12800,True
12800,12850,False
12850,12900,False
12900,12950,False
12950,13000,False
13000,13050,False
13050,13100,False
13100,13150,False
13150,13200,True
13200,13250,False
13250,13300,False
13300,13350,False
13350,13400,False
13400,13450,False
13450,13500,False
13500,13550,True
13550,13600,False
13600,13650,False
13650,13700,False
13700,13750,False
13750,13800,False
13800,13850,False
13850,13900,False
13900,13950,True
13950,14000,False
14000,14050,False
14050,14100,False
14100,14150,True
14150,14200,False
14200,14250,False
14250,14300,True
14300,14350,False
14350,14400,False
14400,14450,False
14450,14500,True
14500,14550,False
14550,14600,False
14600,14650,False
14650,14700,True
14700,14750,False
14750,14800,False
14800,14850,False
14850,14900,True
14900,14950,False
14950,15000,False
15000,15050,False
15050,15100,True
15100,15150,False
15150,15200,False
15200,15250,False
15250,15300,True
15300,15350,False
15350,15400,False
15400,15450,False
15450,15500,False
15500,15550,False
15550,15600,False
15600,15650,True
15650,15700,False
15700,15750,False
15750,15800,True
15800,15850,False
15850,15900,False
15900,15950,False
15950,16000,False
16000,16050,False
16050,16100,False
16100,16150,True
16150,16200,False
16200,16250,False
16250,16300,False
16300,16350,False
16350,16400,False
16400,16450,False
16450,16500,False
16500,16550,True
16550,16600,False
16600,16650,False
16650,16700,False
16700,16750,False
16750,16800,False
16800,16850,False
16850,16900,True
16900,16950,False
16950,17000,False
17000,17050,False
17050,17100,False
17100,17150,True
17150,17200,False
17200,17250,False
17250,17300,True
17300,17350,False
17350,17400,False
17400,17450,False
17450,17500,True
17500,17550,False
17550,17600,False
17600,17650,False
17650,17700,True
17700,17750,False
17750,17800,False
17800,17850,False
17850,17900,True
17900,17950,False
17950,18000,True
18000,18050,False
18050,18100,True
18100,18150,False
18150,18200,False
18200,18250,True
18250,18300,False
18300,18350,False
18350,18400,False
18400,18450,False
18450,18500,True
18500,18550,False
18550,18600,False
18600,18650,False
18650,18700,False
18700,18750,False
18750,18800,True
18800,18850,False
18850,18900,False
18900,18950,False
18950,19000,True
19000,19050,False
19050,19100,False
19100,19150,False
19150,19200,True
19200,19250,False
19250,19300,False
19300,19350,False
19350,19400,True
19400,19450,False
19450,19500,False
19500,19550,True
19550,19600,False
19600,19650,False
19650,19700,True
19700,19750,False
19750,19800,False
19800,19850,False
19850,19900,True
19900,19950,False
19950,20000,False
20000,20050,False
20050,20100,False
20100,20150,True
20150,20200,False
20200,20250,False
20250,20300,True
20300,20350,False
20350,20400,False
20400,20450,False
20450,20500,True
20500,20550,False
20550,20600,False
20600,20650,False
20650,20700,True
20700,20750,False
20750,20800,False
20800,20850,False
20850,20900,True
20900,20950,False
20950,21000,False
21000,21050,False
21050,21100,False
21100,21150,False
21150,21200,False
21200,21250,False
21250,21300,False
21300,21350,False
21350,21400,True
21400,21450,False
21450,21500,True
21500,21550,False
21550,21600,True
21600,21650,False
21650,21700,False
21700,21750,False
21750,21800,False
21800,21850,False
21850,21900,True
21900,21950,False
21950,22000,False
22000,22050,False
22050,22100,False
22100,22150,True
22150,22200,False
22200,22250,False
22250,22300,False
22300,22350,True
22350,22400,False
22400,22450,False
22450,22500,True
22500,22550,False
22550,22600,False
22600,22650,False
22650,22700,True
22700,22750,False
22750,22800,True
22800,22850,False
22850,22900,False
22900,22950,True
22950,23000,False
23000,23050,False
23050,23100,False
23100,23150,True
23150,23200,False
23200,23250,True
23250,23300,False
23300,23350,False
23350,23400,True
23400,23450,False
23450,23500,False
23500,23550,False
23550,23600,False
23600,23650,False
23650,23700,True
23700,23750,False
23750,23800,False
23800,23850,False
23850,23900,True
23900,23950,False
23950,24000,True
24000,24050,False
24050,24100,False
24100,24150,False
24150,24200,False
24200,24250,False
24250,24300,True
24300,24350,False
24350,24400,False
24400,24450,False
24450,24500,False
24500,24550,False
24550,24600,False
24600,24650,False
24650,24700,False
24700,24750,False
24750,24800,True
24800,24850,False
24850,24900,False
24900,24950,False
24950,25000,True
25000,25050,False
25050,25100,False
25100,25150,False
25150,25200,True
25200,25250,False
25250,25300,False
25300,25350,False
25350,25400,True
25400,25450,False
25450,25500,True
25500,25550,False
25550,25600,False
25600,25650,False
25650,25700,False
25700,25750,True
25750,25800,False
25800,25850,False
25850,25900,True
25900,25950,False
25950,26000,False
26000,26050,False
26050,26100,False
26100,26150,True
26150,26200,False
26200,26250,False
26250,26300,False
26300,26350,True
26350,26400,False
26400,26450,False
26450,26500,False
26500,26550,True
26550,26600,False
26600,26650,False
26650,26700,False
26700,26750,True
26750,26800,False
26800,26850,False
26850,26900,True
26900,26950,False
26950,27000,False
27000,27050,False
27050,27100,False
27100,27150,False
27150,27200,False
27200,27250,False
27250,27300,False
27300,27350,True
27350,27400,False
27400,27450,True
27450,27500,False
27500,27550,False
27550,27600,False
27600,27650,False
27650,27700,False
27700,27750,False
27750,27800,True
27800,27850,True
27850,27900,False
27900,27950,False
27950,28000,True
28000,28050,False
28050,28100,False
28100,28150,True
28150,28200,False
28200,28250,True
28250,28300,False
28300,28350,False
28350,28400,True
28400,28450,False
28450,28500,False
28500,28550,True
28550,28600,False
28600,28650,False
28650,28700,False
28700,28750,True
28750,28800,False
28800,28850,False
28850,28900,False
28900,28950,True
28950,29000,False
29000,29050,True
29050,29100,False
29100,29150,True
29150,29200,False
29200,29250,False
29250,29300,False
29300,29350,True
29350,29400,False
29400,29450,True
29450,29500,False
29500,29550,False
29550,29600,False
29600,29650,False
29650,29700,True
29700,29750,False
29750,29800,False
29800,29850,False
29850,29900,True
29900,29950,False
29950,30000,False
30000,30050,True
30050,30100,False
30100,30150,False
30150,30200,False
30200,30250,False
30250,30300,False
30300,30350,False
30350,30400,False
30400,30450,False
30450,30500,False
30500,30550,False
30550,30600,False
30600,30650,True
30650,30700,False
30700,30750,False
30750,30800,True
30800,30850,False
30850,30900,False
30900,30950,False
30950,31000,True
31000,31050,False
31050,31100,False
31100,31150,False
31150,31200,False
31200,31250,False
31250,31300,False
31300,31350,True
31350,31400,False
31400,31450,False
31450,31500,False
31500,31550,False
31550,31600,False
31600,31650,False
31650,31700,False
31700,31750,False
31750,31800,False
31800,31850,False
31850,31900,True
31900,31950,False
31950,32000,True
32000,32050,False
32050,32100,False
32100,32150,True
32150,32200,False
32200,32250,False
32250,32300,False
32300,32350,True
32350,32400,False
32400,32450,False
32450,32500,True
32500,32550,False
32550,32600,False
32600,32650,False
32650,32700,True
32700,32750,False
32750,32800,False
32800,32850,False
32850,32900,True
32900,32950,False
32950,33000,False
33000,33050,True
33050,33100,False
33100,33150,False
33150,33200,False
33200,33250,False
33250,33300,False
33300,33350,False
33350,33400,False
33400,33450,True
33450,33500,False
33500,33550,False
33550,33600,False
33600,33650,True
33650,33700,False
33700,33750,False
33750,33800,True
33800,33850,False
33850,33900,False
33900,33950,True
33950,34000,False
34000,34050,False
34050,34100,False
34100,34150,True
34150,34200,False
34200,34250,False
34250,34300,False
34300,34350,False
34350,34400,True
34400,34450,False
34450,34500,False
34500,34550,True
34550,34600,False
34600,34650,False
34650,34700,False
34700,34750,True
34750,34800,False
34800,34850,False
34850,34900,True
34900,34950,False
34950,35000,False
35000,35050,False
35050,35100,False
35100,35150,True
35150,35200,False
35200,35250,False
35250,35300,False
35300,35350,False
35350,35400,False
35400,35450,False
35450,35500,True
35500,35550,False
35550,35600,False
35600,35650,False
35650,35700,False
35700,35750,False
35750,35800,False
35800,35850,False
35850,35900,False
35900,35950,False
35950,36000,False
36000,36050,False
36050,36100,False
36100,36150,False
36150,36200,False
36200,36250,False
36250,36300,False
36300,36350,False
36350,36400,False
36400,36450,False
36450,36500,False
36500,36550,False
36550,36600,False
36600,36650,True
36650,36700,False
36700,36750,False
36750,36800,False
36800,36850,False
36850,36900,False
36900,36950,False
36950,37000,True
37000,37050,False
37050,37100,False
37100,37150,False
37150,37200,False
37200,37250,False
37250,37300,False
37300,37350,False
37350,37400,False
37400,37450,False
37450,37500,False
37500,37550,True
37550,37600,False
37600,37650,False
37650,37700,False
37700,37750,False
37750,37800,False
37800,37850,False
37850,37900,False
37900,37950,True
37950,38000,False
38000,38050,True
38050,38100,True
38100,38150,False
38150,38200,False
38200,38250,False
38250,38300,True
38300,38350,False
38350,38400,False
38400,38450,False
38450,38500,True
38500,38550,False
38550,38600,False
38600,38650,False
38650,38700,False
38700,38750,False
38750,38800,False
38800,38850,False
38850,38900,False
38900,38950,False
38950,39000,False
39000,39050,True
39050,39100,False
39100,39150,False
39150,39200,False
39200,39250,True
39250,39300,False
39300,39350,False
39350,39400,False
39400,39450,True
39450,39500,False
39500,39550,False
39550,39600,False
39600,39650,True
39650,39700,False
39700,39750,False
39750,39800,False
39800,39850,True
39850,39900,False
39900,39950,False
39950,40000,True
40000,40050,False
40050,40100,False
40100,40150,True
40150,40200,False
40200,40250,False
40250,40300,False
40300,40350,False
40350,40400,True
40400,40450,False
40450,40500,False
40500,40550,False
40550,40600,True
40600,40650,False
40650,40700,False
40700,40750,True
40750,40800,False
40800,40850,False
40850,40900,False
40900,40950,True
40950,41000,False
41000,41050,False
41050,41100,False
41100,41150,False
41150,41200,False
41200,41250,False
41250,41300,False
41300,41350,True
41350,41400,False
41400,41450,False
41450,41500,True
41500,41550,False
41550,41600,False
41600,41650,False
41650,41700,False
41700,41750,False
41750,41800,False
41800,41850,False
41850,41900,False
41900,41950,False
41950,42000,False
42000,42050,False
42050,42100,False
42100,42150,False
42150,42200,False
42200,42250,False
42250,42300,False
42300,42350,False
42350,42400,False
42400,42450,True
42450,42500,False
42500,42550,False
42550,42600,False
42600,42650,True
42650,42700,False
42700,42750,False
42750,42800,False
42800,42850,True
42850,42900,False
42900,42950,False
42950,43000,True
43000,43050,False
43050,43100,False
43100,43150,False
43150,43200,False
43200,43250,False
43250,43300,False
43300,43350,False
43350,43400,False
43400,43450,False
43450,43500,False
43500,43550,False
43550,43600,True
43600,43650,False
43650,43700,False
43700,43750,True
43750,43800,False
43800,43850,False
43850,43900,False
43900,43950,True
43950,44000,False
44000,44050,False
44050,44100,True
44100,44150,False
44150,44200,False
44200,44250,False
44250,44300,False
44300,44350,False
44350,44400,False
44400,44450,False
44450,44500,True
44500,44550,False
44550,44600,False
44600,44650,False
44650,44700,True
44700,44750,False
44750,44800,False
44800,44850,False
44850,44900,False
44900,44950,False
44950,45000,False
45000,45050,False
45050,45100,True
45100,45150,False
45150,45200,False
45200,45250,False
45250,45300,False
45300,45350,False
45350,45400,False
45400,45450,True
45450,45500,False
45500,45550,False
45550,45600,False
45600,45650,True
45650,45700,False
45700,45750,False
45750,45800,True
45800,45850,False
45850,45900,False
45900,45950,False
45950,46000,True
46000,46050,False
46050,46100,False
46100,46150,False
46150,46200,True
46200,46250,False
46250,46300,False
46300,46350,False
46350,46400,True
46400,46450,False
46450,46500,False
46500,46550,False
46550,46600,True
46600,46650,False
46650,46700,False
46700,46750,True
46750,46800,False
46800,46850,False
46850,46900,False
46900,46950,True
46950,47000,False
47000,47050,False
47050,47100,False
47100,47150,True
47150,47200,False
47200,47250,False
47250,47300,True
47300,47350,False
47350,47400,False
47400,47450,False
47450,47500,True
47500,47550,False
47550,47600,False
47600,47650,False
47650,47700,True
47700,47750,False
47750,47800,False
47800,47850,False
47850,47900,False
47900,47950,False
47950,48000,False
48000,48050,False
48050,48100,True
48100,48150,False
48150,48200,False
48200,48250,False
48250,48300,False
48300,48350,False
48350,48400,False
48400,48450,True
48450,48500,False
48500,48550,False
48550,48600,False
48600,48650,True
48650,48700,False
48700,48750,False
48750,48800,True
48800,48850,False
48850,48900,False
48900,48950,False
48950,49000,True
49000,49050,False
49050,49100,False
49100,49150,False
49150,49200,True
49200,49250,False
49250,49300,False
49300,49350,False
49350,49400,False
49400,49450,False
49450,49500,False
49500,49550,True
49550,49600,False
49600,49650,False
49650,49700,False
49700,49750,True
49750,49800,False
49800,49850,False
49850,49900,False
49900,49950,True
49950,50000,False
50000,50050,False
50050,50100,False
50100,50150,True
50150,50200,False
50200,50250,False
50250,50300,False
50300,50350,False
50350,50400,False
50400,50450,False
50450,50500,False
50500,50550,False
50550,50600,False
50600,50650,False
50650,50700,False
50700,50750,False
50750,50800,False
50800,50850,False
50850,50900,False
50900,50950,False
50950,51000,False
51000,51050,False
51050,51100,False
51100,51150,False
51150,51200,False
51200,51250,False
51250,51300,False
51300,51350,False
51350,51400,False
51400,51450,False
51450,51500,False
51500,51550,False
51550,51600,True
51600,51650,False
51650,51700,False
51700,51750,False
51750,51800,True
51800,51850,False
51850,51900,False
51900,51950,False
51950,52000,True
52000,52050,False
52050,52100,False
52100,52150,False
52150,52200,False
52200,52250,True
52250,52300,False
52300,52350,False
52350,52400,True
52400,52450,False
52450,52500,False
52500,52550,True
52550,52600,False
52600,52650,False
52650,52700,True
52700,52750,False
52750,52800,False
52800,52850,False
52850,52900,False
52900,52950,False
52950,53000,False
53000,53050,False
53050,53100,False
53100,53150,True
53150,53200,False
53200,53250,False
53250,53300,False
53300,53350,False
53350,53400,False
53400,53450,False
53450,53500,True
53500,53550,False
53550,53600,False
53600,53650,False
53650,53700,False
53700,53750,False
53750,53800,False
53800,53850,False
53850,53900,True
53900,53950,False
53950,54000,False
54000,54050,False
54050,54100,True
54100,54150,False
54150,54200,False
54200,54250,False
54250,54300,True
54300,54350,False
54350,54400,False
54400,54450,True
54450,54500,False
54500,54550,False
54550,54600,False
54600,54650,True
54650,54700,False
54700,54750,False
54750,54800,False
54800,54850,False
54850,54900,False
54900,54950,False
54950,55000,True
55000,55050,False
55050,55100,False
55100,55150,False
55150,55200,False
55200,55250,False
55250,55300,False
55300,55350,False
55350,55400,True
55400,55450,False
55450,55500,False
55500,55550,False
55550,55600,True
55600,55650,False
55650,55700,False
55700,55750,True
55750,55800,False
55800,55850,False
55850,55900,False
55900,55950,False
55950,56000,True
56000,56050,False
56050,56100,False
56100,56150,True
56150,56200,False
56200,56250,False
56250,56300,False
56300,56350,False
56350,56400,False
56400,56450,False
56450,56500,True
56500,56550,False
56550,56600,False
56600,56650,False
56650,56700,True
56700,56750,False
56750,56800,False
56800,56850,False
56850,56900,True
56900,56950,False
56950,57000,False
57000,57050,False
57050,57100,True
57100,57150,False
57150,57200,True
57200,57250,False
57250,57300,True
57300,57350,False
57350,57400,False
57400,57450,True
57450,57500,False
57500,57550,False
57550,57600,False
57600,57650,False
57650,57700,False
57700,57750,False
57750,57800,False
57800,57850,True
57850,57900,False
57900,57950,False
57950,58000,True
58000,58050,False
58050,58100,False
58100,58150,False
58150,58200,True
58200,58250,False
58250,58300,False
58300,58350,False
58350,58400,True
58400,58450,False
58450,58500,False
58500,58550,False
58550,58600,True
58600,58650,False
58650,58700,False
58700,58750,False
58750,58800,True
58800,58850,False
58850,58900,False
58900,58950,False
58950,59000,False
59000,59050,False
59050,59100,False
59100,59150,True
59150,59200,False
59200,59250,False
59250,59300,False
59300,59350,False
59350,59400,False
59400,59450,False
59450,59500,False
59500,59550,True
59550,59600,False
59600,59650,False
59650,59700,False
59700,59750,False
59750,59800,False
59800,59850,False
59850,59900,True
59900,59950,False
59950,60000,False
60000,60050,True
60050,60100,False
60100,60150,False
60150,60200,False
60200,60250,False
60250,60300,True
60300,60350,False
60350,60400,False
60400,60450,True
60450,60500,False
60500,60550,False
60550,60600,False
60600,60650,True
60650,60700,False
60700,60750,False
60750,60800,False
60800,60850,False
60850,60900,False
60900,60950,False
60950,61000,True
61000,61050,False
61050,61100,False
61100,61150,False
61150,61200,False
61200,61250,False
61250,61300,False
61300,61350,False
61350,61400,True
61400,61450,False
61450,61500,False
61500,61550,True
61550,61600,False
61600,61650,False
61650,61700,False
61700,61750,True
61750,61800,False
61800,61850,False
61850,61900,False
61900,61950,True
61950,62000,False
62000,62050,False
62050,62100,False
62100,62150,True
62150,62200,False
62200,62250,False
62250,62300,True
62300,62350,False
62350,62400,False
62400,62450,False
62450,62500,True
62500,62550,False
62550,62600,False
62600,62650,False
62650,62700,False
62700,62750,False
62750,62800,False
62800,62850,True
62850,62900,False
62900,62950,False
62950,63000,False
63000,63050,False
63050,63100,True
63100,63150,False
63150,63200,False
63200,63250,True
63250,63300,False
63300,63350,False
63350,63400,True
63400,63450,False
63450,63500,False
63500,63550,False
63550,63600,False
63600,63650,False
63650,63700,False
63700,63750,False
63750,63800,False
63800,63850,True
63850,63900,False
63900,63950,False
63950,64000,True
64000,64050,False
64050,64100,False
64100,64150,False
64150,64200,True
64200,64250,False
64250,64300,False
64300,64350,False
64350,64400,True
64400,64450,False
64450,64500,False
64500,64550,True
64550,64600,False
64600,64650,True
64650,64700,False
64700,64750,False
64750,64800,False
64800,64850,False
64850,64900,False
64900,64950,True
64950,65000,False
65000,65050,False
65050,65100,False
65100,65150,False
65150,65200,False
65200,65250,False
65250,65300,True
65300,65350,False
65350,65400,False
65400,65450,False
65450,65500,False
65500,65550,True
65550,65600,False
65600,65650,False
65650,65700,True
65700,65750,False
65750,65800,False
65800,65850,False
65850,65900,False
65900,65950,False
65950,66000,False
66000,66050,True
66050,66100,False
66100,66150,False
66150,66200,True
66200,66250,False
66250,66300,False
66300,66350,False
66350,66400,False
66400,66450,True
66450,66500,False
66500,66550,False
66550,66600,False
66600,66650,False
66650,66700,False
66700,66750,True
66750,66800,False
66800,66850,False
66850,66900,False
66900,66950,False
66950,67000,True
67000,67050,False
67050,67100,False
67100,67150,False
67150,67200,True
67200,67250,False
67250,67300,False
67300,67350,False
67350,67400,False
67400,67450,False
67450,67500,False
67500,67550,True
67550,67600,False
67600,67650,False
67650,67700,False
67700,67750,True
67750,67800,False
67800,67850,False
67850,67900,False
67900,67950,True
67950,68000,False
68000,68050,False
68050,68100,False
68100,68150,False
68150,68200,False
68200,68250,False
68250,68300,False
68300,68350,True
68350,68400,False
68400,68450,False
68450,68500,True
68500,68550,False
68550,68600,False
68600,68650,True
68650,68700,False
68700,68750,False
68750,68800,False
68800,68850,False
68850,68900,False
68900,68950,False
68950,69000,False
69000,69050,True
69050,69100,False
69100,69150,False
69150,69200,True
69200,69250,False
69250,69300,False
69300,69350,False
69350,69400,False
69400,69450,True
69450,69500,False
69500,69550,False
69550,69600,False
69600,69650,False
69650,69700,True
69700,69750,False
69750,69800,True
69800,69850,False
69850,69900,False
69900,69950,True
69950,70000,False
70000,70050,False
70050,70100,False
70100,70150,False
70150,70200,True
70200,70250,False
70250,70300,False
70300,70350,True
70350,70400,False
70400,70450,False
70450,70500,False
70500,70550,True
70550,70600,False
70600,70650,False
70650,70700,False
70700,70750,True
70750,70800,False
70800,70850,False
70850,70900,False
70900,70950,True
70950,71000,False
71000,71050,False
71050,71100,False
71100,71150,False
71150,71200,False
71200,71250,False
71250,71300,False
71300,71350,False
71350,71400,False
71400,71450,False
71450,71500,False
71500,71550,False
71550,71600,False
71600,71650,False
71650,71700,False
71700,71750,False
71750,71800,False
71800,71850,False
71850,71900,False
71900,71950,False
71950,72000,False
72000,72050,True
72050,72100,False
72100,72150,False
72150,72200,False
72200,72250,False
72250,72300,False
72300,72350,False
72350,72400,False
72400,72450,False
72450,72500,False
72500,72550,False
72550,72600,False
72600,72650,False
72650,72700,False
72700,72750,False
72750,72800,False
72800,72850,False
72850,72900,False
72900,72950,False
72950,73000,False
73000,73050,False
73050,73100,False
73100,73150,False
73150,73200,False
73200,73250,False
73250,73300,False
73300,73350,False
73350,73400,False
73400,73450,False
73450,73500,False
73500,73550,False
73550,73600,False
73600,73650,False
73650,73700,False
73700,73750,False
73750,73800,False
73800,73850,False
73850,73900,False
73900,73950,False
73950,74000,False
74000,74050,False
74050,74100,False
74100,74150,False
74150,74200,False
74200,74250,False
74250,74300,False
74300,74350,False
74350,74400,False
74400,74450,False
74450,74500,False
74500,74550,False
74550,74600,False
74600,74650,False
74650,74700,False
74700,74750,False
74750,74800,False
74800,74850,False
74850,74900,False
74900,74950,False
74950,75000,False
75000,75050,False
75050,75100,False
75100,75150,False
75150,75200,False
75200,75250,False
75250,75300,False
75300,75350,False
75350,75400,False
75400,75450,False
75450,75500,False
75500,75550,False
75550,75600,False
75600,75650,False
75650,75700,False
75700,75750,False
75750,75800,False
75800,75850,False
75850,75900,False
75900,75950,False
75950,76000,False
76000,76050,False
76050,76100,False
76100,76150,False
76150,76200,False
76200,76250,False
76250,76300,False
76300,76350,False
76350,76400,False
76400,76450,False
76450,76500,False
76500,76550,False
76550,76600,False
76600,76650,False
76650,76700,False
76700,76750,False
76750,76800,False
76800,76850,False
76850,76900,False
76900,76950,False
76950,77000,False
77000,77050,False
77050,77100,False
77100,77150,False
77150,77200,False
77200,77250,False
77250,77300,False
77300,77350,False
77350,77400,False
77400,77450,False
77450,77500,True
77500,77550,False
77550,77600,False
77600,77650,False
77650,77700,False
77700,77750,False
77750,77800,False
77800,77850,True
77850,77900,False
77900,77950,False
77950,78000,False
78000,78050,False
78050,78100,False
78100,78150,False
78150,78200,True
78200,78250,False
78250,78300,False
78300,78350,False
78350,78400,True
78400,78450,False
78450,78500,False
78500,78550,False
78550,78600,False
78600,78650,True
78650,78700,False
78700,78750,False
78750,78800,True
78800,78850,True
78850,78900,False
78900,78950,True
78950,79000,False
79000,79050,True
79050,79100,False
79100,79150,False
79150,79200,True
79200,79250,False
79250,79300,False
79300,79350,False
79350,79400,True
79400,79450,False
79450,79500,False
79500,79550,False
79550,79600,False
79600,79650,False
79650,79700,True
79700,79750,False
79750,79800,False
79800,79850,False
79850,79900,False
79900,79950,False
79950,80000,False
80000,80050,False
80050,80100,False
80100,80150,True
80150,80200,False
80200,80250,True
80250,80300,True
80300,80350,False
80350,80400,True
80400,80450,False
80450,80500,True
80500,80550,False
80550,80600,True
80600,80650,False
80650,80700,True
80700,80750,False
80750,80800,True
80800,80850,False
80850,80900,True
80900,80950,False
80950,81000,False
81000,81050,True
81050,81100,False
81100,81150,False
81150,81200,True
81200,81250,True
81250,81300,False
81300,81350,False
81350,81400,False
81400,81450,True
81450,81500,False
81500,81550,False
81550,81600,True
81600,81650,False
81650,81700,False
81700,81750,False
81750,81800,False
81800,81850,False
81850,81900,False
81900,81950,False
81950,82000,False
82000,82050,True
82050,82100,False
82100,82150,False
82150,82200,False
82200,82250,False
82250,82300,False
82300,82350,False
82350,82400,False
82400,82450,False
82450,82500,False
82500,82550,False
82550,82600,False
82600,82650,False
82650,82700,False
82700,82750,False
82750,82800,False
82800,82850,False
82850,82900,False
82900,82950,False
82950,83000,False
83000,83050,False
83050,83100,False
83100,83150,False
83150,83200,False
83200,83250,False
83250,83300,False
83300,83350,False
83350,83400,False
83400,83450,False
83450,83500,True
83500,83550,False
83550,83600,False
83600,83650,False
83650,83700,False
83700,83750,False
83750,83800,False
83800,83850,False
83850,83900,True
83900,83950,False
83950,84000,False
84000,84050,False
84050,84100,False
84100,84150,True
84150,84200,False
84200,84250,False
84250,84300,False
84300,84350,False
84350,84400,True
84400,84450,False
84450,84500,True
84500,84550,False
84550,84600,False
84600,84650,True
84650,84700,True
84700,84750,False
84750,84800,False
84800,84850,True
84850,84900,True
84900,84950,False
84950,85000,True
85000,85050,False
85050,85100,True
85100,85150,False
85150,85200,True
85200,85250,False
85250,85300,True
85300,85350,False
85350,85400,True
85400,85450,False
85450,85500,False
85500,85550,True
85550,85600,False
85600,85650,True
85650,85700,False
85700,85750,False
85750,85800,False
85800,85850,False
85850,85900,True
85900,85950,False
85950,86000,False
86000,86050,False
86050,86100,False
86100,86150,True
86150,86200,False
86200,86250,True
86250,86300,True
86300,86350,False
86350,86400,False
86400,86450,False
86450,86500,True
86500,86550,False
86550,86600,True
86600,86650,False
86650,86700,True
86700,86750,False
86750,86800,True
86800,86850,False
86850,86900,True
86900,86950,False
86950,87000,False
87000,87050,False
87050,87100,True
87100,87150,True
87150,87200,False
87200,87250,True
87250,87300,False
87300,87350,False
87350,87400,True
87400,87450,False
87450,87500,False
87500,87550,False
87550,87600,False
87600,87650,True
87650,87700,False
87700,87750,False
87750,87800,True
87800,87850,False
87850,87900,False
87900,87950,False
87950,88000,True
88000,88050,False
88050,88100,False
88100,88150,False
88150,88200,True
88200,88250,False
88250,88300,False
88300,88350,False
88350,88400,False
88400,88450,False
88450,88500,True
88500,88550,False
88550,88600,False
88600,88650,False
88650,88700,False
88700,88750,True
88750,88800,False
88800,88850,False
88850,88900,True
88900,88950,False
88950,89000,True
89000,89050,False
89050,89100,True
89100,89150,False
89150,89200,False
89200,89250,False
89250,89300,True
89300,89350,False
89350,89400,False
89400,89450,False
89450,89500,True
89500,89550,False
89550,89600,False
89600,89650,True
89650,89700,False
89700,89750,False
89750,89800,False
89800,89850,False
89850,89900,False
89900,89950,False
89950,90000,False
90000,90050,True
90050,90100,False
90100,90150,False
90150,90200,True
90200,90250,False
90250,90300,False
90300,90350,False
90350,90400,False
90400,90450,True
90450,90500,False
90500,90550,False
90550,90600,True
90600,90650,False
90650,90700,False
90700,90750,False
90750,90800,True
90800,90850,False
90850,90900,False
90900,90950,False
90950,91000,True
91000,91050,False
91050,91100,False
91100,91150,False
91150,91200,True
91200,91250,False
91250,91300,False
91300,91350,False
91350,91400,False
91400,91450,False
91450,91500,False
91500,91550,True
91550,91600,False
91600,91650,False
91650,91700,False
91700,91750,True
91750,91800,False
91800,91850,False
91850,91900,False
91900,91950,True
91950,92000,False
92000,92050,False
92050,92100,True
92100,92150,False
92150,92200,False
92200,92250,False
92250,92300,False
92300,92350,False
92350,92400,False
92400,92450,False
92450,92500,False
92500,92550,False
92550,92600,False
92600,92650,False
92650,92700,False
92700,92750,False
92750,92800,False
92800,92850,False
92850,92900,False
92900,92950,False
92950,93000,False
93000,93050,True
93050,93100,False
93100,93150,False
93150,93200,False
93200,93250,False
93250,93300,False
93300,93350,False
93350,93400,False
93400,93450,False
93450,93500,False
93500,93550,False
93550,93600,False
93600,93650,False
93650,93700,False
93700,93750,False
93750,93800,True
93800,93850,False
93850,93900,False
93900,93950,False
93950,94000,True
94000,94050,False
94050,94100,False
94100,94150,True
94150,94200,False
94200,94250,False
94250,94300,False
94300,94350,True
94350,94400,False
94400,94450,True
94450,94500,False
94500,94550,False
94550,94600,False
94600,94650,True
94650,94700,False
94700,94750,True
94750,94800,False
94800,94850,False
94850,94900,False
94900,94950,False
94950,95000,False
95000,95050,False
95050,95100,True
95100,95150,False
95150,95200,False
95200,95250,False
95250,95300,False
95300,95350,True
95350,95400,False
95400,95450,True
95450,95500,True
95500,95550,False
95550,95600,False
95600,95650,True
95650,95700,False
95700,95750,True
95750,95800,True
95800,95850,False
95850,95900,False
95900,95950,True
95950,96000,False
96000,96050,True
96050,96100,True
96100,96150,False
96150,96200,True
96200,96250,False
96250,96300,True
96300,96350,True
96350,96400,False
96400,96450,True
96450,96500,False
96500,96550,True
96550,96600,False
96600,96650,True
96650,96700,False
96700,96750,False
96750,96800,False
96800,96850,True
96850,96900,True
96900,96950,True
96950,97000,False
97000,97050,True
97050,97100,False
97100,97150,True
97150,97200,False
97200,97250,True
97250,97300,False
97300,97350,False
97350,97400,True
97400,97450,False
97450,97500,True
97500,97550,False
97550,97600,True
97600,97650,True
97650,97700,False
97700,97750,True
97750,97800,False
97800,97850,False
97850,97900,False
97900,97950,True
97950,98000,False
98000,98050,True
98050,98100,False
98100,98150,True
98150,98200,False
98200,98250,False
98250,98300,False
98300,98350,True
98350,98400,False
98400,98450,False
98450,98500,False
98500,98550,False
98550,98600,False
98600,98650,True
98650,98700,False
98700,98750,False
98750,98800,False
98800,98850,False
98850,98900,True
98900,98950,False
98950,99000,False
99000,99050,True
99050,99100,False
99100,99150,False
99150,99200,False
99200,99250,False
99250,99300,False
99300,99350,False
99350,99400,True
99400,99450,False
99450,99500,False
99500,99550,False
99550,99600,False
99600,99650,True
99650,99700,False
99700,99750,False
99750,99800,False
99800,99850,True
99850,99900,False
99900,99950,True
99950,100000,False
100000,100050,True
100050,100100,False
100100,100150,False
100150,100200,True
100200,100250,False
100250,100300,True
100300,100350,False
100350,100400,True
100400,100450,False
100450,100500,False
100500,100550,False
100550,100600,True
100600,100650,False
100650,100700,False
100700,100750,False
100750,100800,True
100800,100850,False
100850,100900,False
100900,100950,False
100950,101000,False
101000,101050,False
101050,101100,False
101100,101150,True
101150,101200,False
101200,101250,False
101250,101300,False
101300,101350,False
101350,101400,False
101400,101450,False
101450,101500,True
101500,101550,False
101550,101600,False
101600,101650,False
101650,101700,False
101700,101750,False
101750,101800,False
101800,101850,False
101850,101900,False
101900,101950,False
101950,102000,False
102000,102050,False
102050,102100,True
102100,102150,False
102150,102200,False
102200,102250,True
102250,102300,False
102300,102350,False
102350,102400,False
102400,102450,True
102450,102500,False
102500,102550,True
102550,102600,False
102600,102650,True
102650,102700,False
102700,102750,False
102750,102800,False
102800,102850,False
102850,102900,False
102900,102950,False
102950,103000,True
103000,103050,False
103050,103100,False
103100,103150,False
103150,103200,False
103200,103250,False
103250,103300,False
103300,103350,False
103350,103400,True
103400,103450,False
103450,103500,False
103500,103550,True
103550,103600,False
103600,103650,False
103650,103700,False
103700,103750,True
103750,103800,False
103800,103850,False
103850,103900,False
103900,103950,True
103950,104000,False
104000,104050,False
104050,104100,False
104100,104150,True
104150,104200,False
104200,104250,False
104250,104300,False
104300,104350,True
104350,104400,False
104400,104450,False
104450,104500,True
104500,104550,False
104550,104600,False
104600,104650,False
104650,104700,False
104700,104750,True
104750,104800,False
104800,104850,False
104850,104900,True
104900,104950,False
104950,105000,False
105000,105050,False
105050,105100,True
105100,105150,False
105150,105200,False
105200,105250,True
105250,105300,False
105300,105350,False
105350,105400,False
105400,105450,True
105450,105500,False
105500,105550,False
105550,105600,False
105600,105650,False
105650,105700,False
105700,105750,False
105750,105800,False
105800,105850,False
105850,105900,False
105900,105950,False
105950,106000,True
106000,106050,False
106050,106100,False
106100,106150,False
106150,106200,False
106200,106250,False
106250,106300,False
106300,106350,False
106350,106400,False
106400,106450,False
106450,106500,False
106500,106550,False
106550,106600,False
106600,106650,False
106650,106700,False
106700,106750,False
106750,106800,False
106800,106850,False
106850,106900,False
106900,106950,True
106950,107000,False
107000,107050,True
107050,107100,False
107100,107150,True
107150,107200,False
107200,107250,True
107250,107300,False
107300,107350,False
107350,107400,False
107400,107450,False
107450,107500,True
107500,107550,False
107550,107600,False
107600,107650,True
107650,107700,False
107700,107750,False
107750,107800,False
107800,107850,True
107850,107900,False
107900,107950,False
107950,108000,False
108000,108050,True
108050,108100,False
108100,108150,False
108150,108200,False
108200,108250,False
108250,108300,False
108300,108350,False
108350,108400,False
108400,108450,True
108450,108500,False
108500,108550,False
108550,108600,False
108600,108650,True
108650,108700,False
108700,108750,True
108750,108800,False
108800,108850,False
108850,108900,False
108900,108950,False
108950,109000,True
109000,109050,False
109050,109100,False
109100,109150,False
109150,109200,True
109200,109250,False
109250,109300,False
109300,109350,False
109350,109400,True
109400,109450,False
109450,109500,False
109500,109550,False
109550,109600,True
109600,109650,False
109650,109700,False
109700,109750,True
109750,109800,False
109800,109850,False
109850,109900,False
109900,109950,True
109950,110000,False
110000,110050,False
110050,110100,False
110100,110150,True
110150,110200,False
110200,110250,False
110250,110300,False
110300,110350,False
110350,110400,False
110400,110450,False
110450,110500,True
110500,110550,False
110550,110600,False
110600,110650,False
110650,110700,True
110700,110750,False
110750,110800,False
110800,110850,False
110850,110900,True
110900,110950,False
110950,111000,False
111000,111050,False
111050,111100,True
111100,111150,False
111150,111200,False
111200,111250,True
111250,111300,False
111300,111350,False
111350,111400,False
111400,111450,False
111450,111500,True
111500,111550,False
111550,111600,False
111600,111650,False
111650,111700,False
111700,111750,False
111750,111800,False
111800,111850,True
111850,111900,False
111900,111950,False
111950,112000,True
112000,112050,False
112050,112100,False
112100,112150,False
112150,112200,True
112200,112250,False
112250,112300,False
112300,112350,True
112350,112400,False
112400,112450,False
112450,112500,False
112500,112550,False
112550,112600,True
112600,112650,False
112650,112700,False
112700,112750,False
112750,112800,True
112800,112850,False
112850,112900,False
112900,112950,True
112950,113000,False
113000,113050,False
113050,113100,False
113100,113150,True
113150,113200,False
113200,113250,False
113250,113300,False
113300,113350,False
113350,113400,False
113400,113450,False
113450,113500,True
113500,113550,False
113550,113600,False
113600,113650,False
113650,113700,False
113700,113750,False
113750,113800,False
113800,113850,False
113850,113900,True
113900,113950,False
113950,114000,False
114000,114050,False
114050,114100,True
114100,114150,False
114150,114200,False
114200,114250,False
114250,114300,True
114300,114350,False
114350,114400,False
114400,114450,False
114450,114500,True
114500,114550,False
114550,114600,False
114600,114650,True
114650,114700,False
114700,114750,False
114750,114800,False
114800,114850,False
114850,114900,False
114900,114950,False
114950,115000,True
115000,115050,False
115050,115100,False
115100,115150,False
115150,115200,False
115200,115250,False
115250,115300,False
115300,115350,False
115350,115400,True
115400,115450,False
115450,115500,False
115500,115550,False
115550,115600,True
115600,115650,False
115650,115700,False
115700,115750,True
115750,115800,False
115800,115850,False
115850,115900,False
115900,115950,False
115950,116000,True
116000,116050,False
116050,116100,True
116100,116150,False
116150,116200,False
116200,116250,False
116250,116300,False
116300,116350,False
116350,116400,False
116400,116450,False
116450,116500,True
116500,116550,False
116550,116600,False
116600,116650,False
116650,116700,False
116700,116750,False
116750,116800,False
116800,116850,False
116850,116900,True
116900,116950,False
116950,117000,False
117000,117050,False
117050,117100,True
117100,117150,False
117150,117200,False
117200,117250,False
117250,117300,True
117300,117350,False
117350,117400,False
117400,117450,True
117450,117500,False
117500,117550,False
117550,117600,False
117600,117650,False
117650,117700,True
117700,117750,False
117750,117800,False
117800,117850,True
117850,117900,False
117900,117950,False
117950,118000,False
118000,118050,True
118050,118100,False
118100,118150,False
118150,118200,True
118200,118250,False
118250,118300,False
118300,118350,False
118350,118400,True
118400,118450,False
118450,118500,False
118500,118550,True
118550,118600,False
118600,118650,False
118650,118700,False
118700,118750,False
118750,118800,True
118800,118850,False
118850,118900,False
118900,118950,False
118950,119000,False
119000,119050,False
119050,119100,True
119100,119150,False
119150,119200,False
119200,119250,False
119250,119300,False
119300,119350,False
119350,119400,False
119400,119450,False
119450,119500,True
119500,119550,False
119550,119600,False
119600,119650,False
119650,119700,False
119700,119750,False
119750,119800,False
119800,119850,False
119850,119900,True
119900,119950,False
119950,120000,False
120000,120050,True
120050,120100,False
120100,120150,False
120150,120200,False
120200,120250,True
120250,120300,False
120300,120350,False
120350,120400,True
120400,120450,False
120450,120500,False
120500,120550,True
120550,120600,False
120600,120650,True
120650,120700,False
120700,120750,False
120750,120800,False
120800,120850,False
120850,120900,False
120900,120950,False
120950,121000,True
121000,121050,False
121050,121100,False
121100,121150,False
121150,121200,False
121200,121250,False
121250,121300,False
121300,121350,True
121350,121400,False
121400,121450,False
121450,121500,False
121500,121550,False
121550,121600,True
121600,121650,False
121650,121700,False
121700,121750,False
121750,121800,True
121800,121850,False
121850,121900,False
121900,121950,True
121950,122000,False
122000,122050,False
122050,122100,False
122100,122150,True
122150,122200,False
122200,122250,False
122250,122300,True
122300,122350,False
122350,122400,False
122400,122450,False
122450,122500,True
122500,122550,False
122550,122600,False
122600,122650,False
122650,122700,False
122700,122750,True
122750,122800,False
122800,122850,False
122850,122900,True
122900,122950,False
122950,123000,False
123000,123050,True
123050,123100,False
123100,123150,False
123150,123200,False
123200,123250,True
123250,123300,False
123300,123350,False
123350,123400,False
123400,123450,True
123450,123500,False
123500,123550,False
123550,123600,False
123600,123650,False
123650,123700,False
123700,123750,False
123750,123800,True
123800,123850,True
123850,123900,False
123900,123950,False
123950,124000,True
124000,124050,False
124050,124100,False
124100,124150,False
124150,124200,True
124200,124250,False
124250,124300,False
124300,124350,False
124350,124400,True
124400,124450,False
124450,124500,False
124500,124550,False
124550,124600,True
124600,124650,False
124650,124700,False
124700,124750,False
124750,124800,True
124800,124850,False
124850,124900,False
124900,124950,True
124950,125000,False
125000,125050,False
125050,125100,False
125100,125150,False
125150,125200,False
125200,125250,False
125250,125300,False
125300,125350,True
125350,125400,False
125400,125450,False
125450,125500,True
125500,125550,False
125550,125600,False
125600,125650,False
125650,125700,False
125700,125750,True
125750,125800,False
125800,125850,False
125850,125900,False
125900,125950,False
125950,126000,False
126000,126050,False
126050,126100,False
126100,126150,True
126150,126200,False
126200,126250,True
126250,126300,False
126300,126350,False
126350,126400,False
126400,126450,False
126450,126500,True
126500,126550,False
126550,126600,False
126600,126650,False
126650,126700,False
126700,126750,False
126750,126800,False
126800,126850,True
126850,126900,False
126900,126950,False
126950,127000,False
127000,127050,True
127050,127100,False
127100,127150,False
127150,127200,False
127200,127250,True
127250,127300,False
127300,127350,False
127350,127400,False
127400,127450,False
127450,127500,False
127500,127550,True
127550,127600,False
127600,127650,False
127650,127700,False
127700,127750,True
127750,127800,False
127800,127850,False
127850,127900,False
127900,127950,True
127950,128000,False
128000,128050,False
128050,128100,False
128100,128150,False
128150,128200,False
128200,128250,False
128250,128300,False
128300,128350,True
128350,128400,False
128400,128450,False
128450,128500,True
128500,128550,False
128550,128600,False
128600,128650,False
128650,128700,False
128700,128750,True
128750,128800,False
128800,128850,False
128850,128900,False
128900,128950,False
128950,129000,False
129000,129050,True
129050,129100,False
129100,129150,False
129150,129200,False
129200,129250,False
129250,129300,True
129300,129350,False
129350,129400,False
129400,129450,True
129450,129500,False
129500,129550,False
129550,129600,False
129600,129650,True
129650,129700,False
129700,129750,False
129750,129800,False
129800,129850,True
129850,129900,False
129900,129950,False
129950,130000,True
130000,130050,False
130050,130100,False
130100,130150,False
130150,130200,True
130200,130250,False
130250,130300,False
130300,130350,False
130350,130400,False
130400,130450,True
130450,130500,False
130500,130550,True
130550,130600,False
130600,130650,False
130650,130700,False
130700,130750,True
130750,130800,False
130800,130850,False
130850,130900,False
130900,130950,True
130950,131000,False
131000,131050,False
131050,131100,False
131100,131150,False
131150,131200,False
131200,131250,False
131250,131300,False
131300,131350,False
131350,131400,False
131400,131450,False
131450,131500,False
131500,131550,False
131550,131600,False
131600,131650,False
131650,131700,False
131700,131750,False
131750,131800,False
131800,131850,False
131850,131900,False
131900,131950,False
131950,132000,False
132000,132050,False
132050,132100,False
132100,132150,False
132150,132200,True
132200,132250,False
132250,132300,False
132300,132350,False
132350,132400,False
132400,132450,False
132450,132500,False
132500,132550,False
132550,132600,False
132600,132650,False
132650,132700,False
132700,132750,False
132750,132800,False
132800,132850,False
132850,132900,False
132900,132950,False
132950,133000,False
133000,133050,False
133050,133100,False
133100,133150,False
133150,133200,False
133200,133250,False
133250,133300,False
133300,133350,False
133350,133400,False
133400,133450,False
133450,133500,False
133500,133550,False
133550,133600,False
133600,133650,False
133650,133700,False
133700,133750,False
133750,133800,False
133800,133850,False
133850,133900,False
133900,133950,False
133950,134000,False
134000,134050,False
134050,134100,False
134100,134150,False
134150,134200,False
134200,134250,False
134250,134300,False
134300,134350,False
134350,134400,False
134400,134450,False
134450,134500,False
134500,134550,False
134550,134600,False
134600,134650,False
134650,134700,False
134700,134750,False
134750,134800,False
134800,134850,False
134850,134900,False
134900,134950,False
134950,135000,False
135000,135050,False
135050,135100,False
135100,135150,False
135150,135200,False
135200,135250,False
135250,135300,False
135300,135350,False
135350,135400,False
135400,135450,False
135450,135500,False
135500,135550,False
135550,135600,False
135600,135650,False
135650,135700,False
135700,135750,False
135750,135800,False
135800,135850,False
135850,135900,False
135900,135950,False
135950,136000,False
136000,136050,False
136050,136100,False
136100,136150,False
136150,136200,False
136200,136250,False
136250,136300,False
136300,136350,False
136350,136400,False
136400,136450,False
136450,136500,False
136500,136550,False
136550,136600,False
136600,136650,False
136650,136700,False
136700,136750,False
136750,136800,False
136800,136850,False
136850,136900,False
136900,136950,False
136950,137000,False
137000,137050,False
137050,137100,False
137100,137150,False
137150,137200,False
137200,137250,False
137250,137300,False
137300,137350,False
137350,137400,False
137400,137450,False
137450,137500,False
137500,137550,False
137550,137600,False
137600,137650,False
137650,137700,False
137700,137750,False
137750,137800,False
137800,137850,False
137850,137900,False
137900,137950,False
137950,138000,False
138000,138050,False
138050,138100,False
138100,138150,False
138150,138200,False
138200,138250,False
138250,138300,False
138300,138350,False
138350,138400,False
138400,138450,False
138450,138500,False
138500,138550,False
138550,138600,False
138600,138650,False
138650,138700,False
138700,138750,False
138750,138800,False
138800,138850,False
138850,138900,False
138900,138950,False
138950,139000,False
139000,139050,False
139050,139100,False
139100,139150,False
139150,139200,False
139200,139250,False
139250,139300,False
139300,139350,False
139350,139400,False
139400,139450,False
139450,139500,False
139500,139550,False
139550,139600,False
139600,139650,False
139650,139700,False
139700,139750,False
139750,139800,False
139800,139850,False
139850,139900,False
139900,139950,False
139950,140000,False
140000,140050,False
140050,140100,False
140100,140150,False
140150,140200,False
140200,140250,False
140250,140300,False
140300,140350,False
140350,140400,False
140400,140450,False
140450,140500,False
140500,140550,False
140550,140600,False
140600,140650,False
140650,140700,False
140700,140750,False
140750,140800,False
140800,140850,False
140850,140900,False
140900,140950,False
140950,141000,False
141000,141050,False
141050,141100,False
141100,141150,False
141150,141200,False
141200,141250,False
141250,141300,False
141300,141350,False
141350,141400,False
141400,141450,False
141450,141500,False
141500,141550,False
141550,141600,False
141600,141650,False
141650,141700,False
141700,141750,False
141750,141800,False
141800,141850,False
141850,141900,False
141900,141950,False
141950,142000,False
142000,142050,False
142050,142100,False
142100,142150,False
142150,142200,False
142200,142250,False
142250,142300,False
142300,142350,False
142350,142400,False
142400,142450,False
142450,142500,False
142500,142550,False
142550,142600,False
142600,142650,False
142650,142700,False
142700,142750,False
142750,142800,False
142800,142850,False
142850,142900,False
142900,142950,False
142950,143000,False
143000,143050,False
143050,143100,False
143100,143150,False
143150,143200,False
143200,143250,False
143250,143300,False
143300,143350,False
143350,143400,False
143400,143450,False
143450,143500,False
143500,143550,False
143550,143600,False
143600,143650,False
143650,143700,False
143700,143750,False
143750,143800,False
143800,143850,False
143850,143900,False
143900,143950,False
143950,144000,False
144000,144050,False
144050,144100,False
144100,144150,False
144150,144200,False
144200,144250,False
144250,144300,False
144300,144350,False
144350,144400,False
144400,144450,False
144450,144500,False
144500,144550,False
144550,144600,False
144600,144650,False
144650,144700,False
144700,144750,False
144750,144800,False
144800,144850,False
144850,144900,False
144900,144950,False
144950,145000,False
145000,145050,False
145050,145100,False
145100,145150,False
145150,145200,False
145200,145250,False
145250,145300,False
145300,145350,False
145350,145400,False
145400,145450,False
145450,145500,False
145500,145550,False
145550,145600,False
145600,145650,False
145650,145700,False
145700,145750,False
145750,145800,False
145800,145850,False
145850,145900,False
145900,145950,False
145950,146000,False
146000,146050,False
146050,146100,True
146100,146150,False
146150,146200,False
146200,146250,False
146250,146300,False
146300,146350,False
146350,146400,False
146400,146450,False
146450,146500,True
146500,146550,False
146550,146600,False
146600,146650,False
146650,146700,False
146700,146750,False
146750,146800,False
146800,146850,False
146850,146900,True
146900,146950,False
146950,147000,True
147000,147050,False
147050,147100,False
147100,147150,False
147150,147200,True
147200,147250,False
147250,147300,False
147300,147350,False
147350,147400,True
147400,147450,False
147450,147500,False
147500,147550,False
147550,147600,True
147600,147650,False
147650,147700,False
147700,147750,False
147750,147800,False
147800,147850,False
147850,147900,False
147900,147950,False
147950,148000,True
148000,148050,False
148050,148100,False
148100,148150,False
148150,148200,False
148200,148250,False
148250,148300,False
148300,148350,False
148350,148400,False
148400,148450,False
148450,148500,False
148500,148550,False
148550,148600,False
148600,148650,False
148650,148700,True
148700,148750,False
148750,148800,False
148800,148850,False
148850,148900,True
148900,148950,False
148950,149000,False
149000,149050,False
149050,149100,True
149100,149150,False
149150,149200,False
149200,149250,False
149250,149300,False
149300,149350,False
149350,149400,False
149400,149450,True
149450,149500,False
149500,149550,False
149550,149600,False
149600,149650,False
149650,149700,False
149700,149750,False
149750,149800,False
149800,149850,True
149850,149900,False
149900,149950,False
149950,150000,True
150000,150050,False
150050,150100,False
150100,150150,False
150150,150200,True
150200,150250,False
150250,150300,False
150300,150350,False
150350,150400,True
150400,150450,False
150450,150500,False
150500,150550,False
150550,150600,True
150600,150650,False
150650,150700,False
150700,150750,False
150750,150800,True
150800,150850,False
150850,150900,False
150900,150950,False
150950,151000,False
151000,151050,False
151050,151100,False
151100,151150,False
151150,151200,False
151200,151250,False
151250,151300,False
151300,151350,False
151350,151400,False
151400,151450,False
151450,151500,False
151500,151550,False
151550,151600,True
151600,151650,False
151650,151700,False
151700,151750,True
151750,151800,False
151800,151850,False
151850,151900,True
151900,151950,False
151950,152000,False
152000,152050,False
152050,152100,False
152100,152150,True
152150,152200,False
152200,152250,False
152250,152300,False
152300,152350,False
152350,152400,False
152400,152450,False
152450,152500,True
152500,152550,False
152550,152600,False
152600,152650,False
152650,152700,False
152700,152750,False
152750,152800,False
152800,152850,False
152850,152900,True
152900,152950,False
152950,153000,False
153000,153050,True
153050,153100,False
153100,153150,False
153150,153200,False
153200,153250,True
153250,153300,False
153300,153350,False
153350,153400,False
153400,153450,True
153450,153500,False
153500,153550,False
153550,153600,True
153600,153650,False
153650,153700,False
153700,153750,False
153750,153800,False
153800,153850,False
153850,153900,False
153900,153950,False
153950,154000,True
154000,154050,False
154050,154100,False
154100,154150,False
154150,154200,False
154200,154250,False
154250,154300,False
154300,154350,False
154350,154400,False
154400,154450,False
154450,154500,False
154500,154550,False
154550,154600,False
154600,154650,False
154650,154700,True
154700,154750,False
154750,154800,False
154800,154850,False
154850,154900,True
154900,154950,False
154950,155000,False
155000,155050,False
155050,155100,True
155100,155150,False
155150,155200,False
155200,155250,False
155250,155300,False
155300,155350,False
155350,155400,False
155400,155450,False
155450,155500,False
155500,155550,False
155550,155600,False
155600,155650,False
155650,155700,True
155700,155750,False
155750,155800,False
155800,155850,False
155850,155900,False
155900,155950,False
155950,156000,False
156000,156050,False
156050,156100,False
156100,156150,False
156150,156200,True
156200,156250,False
156250,156300,False
156300,156350,False
156350,156400,False
156400,156450,False
156450,156500,True
156500,156550,False
156550,156600,False
156600,156650,False
156650,156700,False
156700,156750,False
156750,156800,True
156800,156850,False
156850,156900,False
156900,156950,False
156950,157000,False
157000,157050,False
157050,157100,False
157100,157150,False
157150,157200,False
157200,157250,False
157250,157300,False
157300,157350,True
157350,157400,False
157400,157450,False
157450,157500,False
157500,157550,False
157550,157600,False
157600,157650,False
157650,157700,False
157700,157750,True
157750,157800,False
157800,157850,False
157850,157900,False
157900,157950,False
157950,158000,False
158000,158050,False
158050,158100,False
158100,158150,True
158150,158200,False
158200,158250,False
158250,158300,True
158300,158350,False
158350,158400,False
158400,158450,False
158450,158500,False
158500,158550,False
158550,158600,False
158600,158650,True
158650,158700,False
158700,158750,False
158750,158800,True
158800,158850,False
158850,158900,True
158900,158950,False
158950,159000,False
159000,159050,False
159050,159100,False
159100,159150,False
159150,159200,True
159200,159250,False
159250,159300,False
159300,159350,False
159350,159400,False
159400,159450,True
159450,159500,False
159500,159550,False
159550,159600,False
159600,159650,False
159650,159700,False
159700,159750,False
159750,159800,False
159800,159850,False
159850,159900,False
159900,159950,False
159950,160000,False
160000,160050,False
160050,160100,False
160100,160150,False
160150,160200,False
160200,160250,False
160250,160300,False
160300,160350,False
160350,160400,False
160400,160450,False
160450,160500,False
160500,160550,False
160550,160600,False
160600,160650,False
160650,160700,False
160700,160750,False
160750,160800,False
160800,160850,False
160850,160900,False
160900,160950,False
160950,161000,False
161000,161050,False
161050,161100,False
161100,161150,True
161150,161200,False
161200,161250,False
161250,161300,False
161300,161350,True
161350,161400,False
161400,161450,False
161450,161500,False
161500,161550,False
161550,161600,False
161600,161650,False
161650,161700,True
161700,161750,False
161750,161800,False
161800,161850,False
161850,161900,True
161900,161950,False
161950,162000,False
162000,162050,False
162050,162100,False
162100,162150,False
162150,162200,False
162200,162250,False
162250,162300,False
162300,162350,False
162350,162400,False
162400,162450,False
162450,162500,False
162500,162550,False
162550,162600,False
162600,162650,False
162650,162700,False
162700,162750,False
162750,162800,False
162800,162850,True
162850,162900,False
162900,162950,False
162950,163000,False
163000,163050,True
163050,163100,False
163100,163150,True
163150,163200,False
163200,163250,False
163250,163300,False
163300,163350,False
163350,163400,True
163400,163450,False
163450,163500,False
163500,163550,False
163550,163600,True
163600,163650,False
163650,163700,False
163700,163750,True
163750,163800,False
163800,163850,False
163850,163900,False
163900,163950,True
163950,164000,False
164000,164050,False
164050,164100,True
164100,164150,False
164150,164200,False
164200,164250,False
164250,164300,False
164300,164350,True
164350,164400,False
164400,164450,False
164450,164500,False
164500,164550,False
164550,164600,False
164600,164650,False
164650,164700,True
164700,164750,False
164750,164800,False
164800,164850,True
164850,164900,False
164900,164950,False
164950,165000,False
165000,165050,False
165050,165100,False
165100,165150,False
165150,165200,False
165200,165250,True
165250,165300,False
165300,165350,False
165350,165400,False
165400,165450,True
165450,165500,False
165500,165550,False
165550,165600,False
165600,165650,False
165650,165700,False
165700,165750,False
165750,165800,False
165800,165850,False
165850,165900,False
165900,165950,False
165950,166000,False
166000,166050,False
166050,166100,False
166100,166150,False
166150,166200,False
166200,166250,False
166250,166300,False
166300,166350,False
166350,166400,False
166400,166450,False
166450,166500,False
166500,166550,False
166550,166600,False
166600,166650,False
166650,166700,False
166700,166750,True
166750,166800,False
166800,166850,False
166850,166900,False
166900,166950,False
166950,167000,False
167000,167050,True
167050,167100,False
167100,167150,False
167150,167200,False
167200,167250,False
167250,167300,False
167300,167350,False
167350,167400,False
167400,167450,False
167450,167500,False
167500,167550,False
167550,167600,False
167600,167650,True
167650,167700,False
167700,167750,False
167750,167800,False
167800,167850,False
167850,167900,False
167900,167950,False
167950,168000,False
168000,168050,False
168050,168100,False
168100,168150,False
168150,168200,False
168200,168250,True
168250,168300,False
168300,168350,False
168350,168400,False
168400,168450,False
168450,168500,False
168500,168550,False
168550,168600,False
168600,168650,False
168650,168700,False
168700,168750,True
168750,168800,False
168800,168850,False
168850,168900,False
168900,168950,False
168950,169000,False
169000,169050,False
169050,169100,False
169100,169150,False
169150,169200,False
169200,169250,True
169250,169300,False
169300,169350,False
169350,169400,False
169400,169450,False
169450,169500,False
169500,169550,False
169550,169600,False
169600,169650,False
169650,169700,False
169700,169750,True
169750,169800,False
169800,169850,False
169850,169900,False
169900,169950,False
169950,170000,False
170000,170050,False
170050,170100,True
170100,170150,False
170150,170200,False
170200,170250,False
170250,170300,False
170300,170350,False
170350,170400,False
170400,170450,False
170450,170500,False
170500,170550,False
170550,170600,False
170600,170650,False
170650,170700,True
170700,170750,False
170750,170800,False
170800,170850,False
170850,170900,False
170900,170950,False
170950,171000,False
171000,171050,False
171050,171100,False
171100,171150,False
171150,171200,False
171200,171250,False
171250,171300,False
171300,171350,False
171350,171400,False
171400,171450,False
171450,171500,False
171500,171550,False
171550,171600,False
171600,171650,False
171650,171700,False
171700,171750,False
171750,171800,False
171800,171850,False
171850,171900,False
171900,171950,False
171950,172000,False
172000,172050,False
172050,172100,False
172100,172150,False
172150,172200,False
172200,172250,False
172250,172300,False
172300,172350,False
172350,172400,False
172400,172450,False
172450,172500,False
172500,172550,False
172550,172600,False
172600,172650,False
172650,172700,False
172700,172750,False
172750,172800,False
172800,172850,False
172850,172900,False
172900,172950,False
172950,173000,False
173000,173050,False
173050,173100,False
173100,173150,False
173150,173200,False
173200,173250,False
173250,173300,False
173300,173350,False
173350,173400,False
173400,173450,False
173450,173500,False
173500,173550,False
173550,173600,False
173600,173650,False
173650,173700,False
173700,173750,False
173750,173800,False
173800,173850,False
173850,173900,False
173900,173950,False
173950,174000,False
174000,174050,False
174050,174100,False
174100,174150,False
174150,174200,False
174200,174250,False
174250,174300,False
174300,174350,False
174350,174400,False
174400,174450,False
174450,174500,False
174500,174550,False
174550,174600,False
174600,174650,False
174650,174700,False
174700,174750,False
174750,174800,False
174800,174850,False
174850,174900,False
174900,174950,False
174950,175000,False
175000,175050,False
175050,175100,False
175100,175150,False
175150,175200,False
175200,175250,False
175250,175300,False
175300,175350,False
175350,175400,False
175400,175450,False
175450,175500,False
175500,175550,False
175550,175600,False
175600,175650,False
175650,175700,False
175700,175750,False
175750,175800,False
175800,175850,False
175850,175900,False
175900,175950,False
175950,176000,False
176000,176050,False
176050,176100,False
176100,176150,False
176150,176200,False
176200,176250,False
176250,176300,False
176300,176350,False
176350,176400,False
176400,176450,False
176450,176500,False
176500,176550,False
176550,176600,False
176600,176650,False
176650,176700,False
176700,176750,False
176750,176800,False
176800,176850,False
176850,176900,False
176900,176950,False
176950,177000,False
177000,177050,False
177050,177100,False
177100,177150,False
177150,177200,False
177200,177250,False
177250,177300,False
177300,177350,False
177350,177400,False
177400,177450,False
177450,177500,False
177500,177550,False
177550,177600,False
177600,177650,False
177650,177700,False
177700,177750,False
177750,177800,False
177800,177850,False
177850,177900,False
177900,177950,False
177950,178000,False
178000,178050,False
178050,178100,False
178100,178150,False
178150,178200,False
178200,178250,False
178250,178300,False
178300,178350,False
178350,178400,False
178400,178450,False
178450,178500,False
178500,178550,False
178550,178600,False
178600,178650,False
178650,178700,False
178700,178750,False
178750,178800,False
178800,178850,False
178850,178900,False
178900,178950,False
178950,179000,False
179000,179050,False
179050,179100,False
179100,179150,False
179150,179200,False
179200,179250,False
179250,179300,False
179300,179350,False
179350,179400,False
179400,179450,False
179450,179500,False
179500,179550,False
179550,179600,False
179600,179650,False
179650,179700,False
179700,179750,False
179750,179800,False
179800,179850,False
179850,179900,False
179900,179950,False
179950,180000,False
180000,180050,False
180050,180100,False
180100,180150,False
180150,180200,False
180200,180250,False
180250,180300,False
180300,180350,False
180350,180400,False
180400,180450,False
180450,180500,False
180500,180550,False
180550,180600,False
180600,180650,False
180650,180700,False
180700,180750,False
180750,180800,False
180800,180850,False
180850,180900,False
180900,180950,False
180950,181000,False
181000,181050,False
181050,181100,False
181100,181150,False
181150,181200,False
181200,181250,False
181250,181300,False
181300,181350,False
181350,181400,False
181400,181450,False
181450,181500,False
181500,181550,False
181550,181600,False
181600,181650,False
181650,181700,False
181700,181750,False
181750,181800,False
181800,181850,False
181850,181900,False
181900,181950,False
181950,182000,False
182000,182050,False
182050,182100,False
182100,182150,False
182150,182200,False
182200,182250,False
182250,182300,False
182300,182350,False
182350,182400,False
182400,182450,False
182450,182500,False
182500,182550,False
182550,182600,False
182600,182650,False
182650,182700,False
182700,182750,False
182750,182800,False
182800,182850,False
182850,182900,False
182900,182950,False
182950,183000,False
183000,183050,False
183050,183100,False
183100,183150,False
183150,183200,False
183200,183250,False
183250,183300,False
183300,183350,False
183350,183400,False
183400,183450,False
183450,183500,False
183500,183550,False
183550,183600,False
183600,183650,False
183650,183700,False
183700,183750,False
183750,183800,False
183800,183850,False
183850,183900,False
183900,183950,False
183950,184000,False
184000,184050,False
184050,184100,False
184100,184150,False
184150,184200,False
184200,184250,False
184250,184300,False
184300,184350,False
184350,184400,False
184400,184450,False
184450,184500,False
184500,184550,False
184550,184600,False
184600,184650,False
184650,184700,False
184700,184750,False
184750,184800,False
184800,184850,False
184850,184900,False
184900,184950,False
184950,185000,False
185000,185050,False
185050,185100,False
185100,185150,False
185150,185200,False
185200,185250,False
185250,185300,False
185300,185350,False
185350,185400,False
185400,185450,False
185450,185500,False
185500,185550,False
185550,185600,False
185600,185650,False
185650,185700,False
185700,185750,False
185750,185800,False
185800,185850,False
185850,185900,False
185900,185950,False
185950,186000,False
186000,186050,False
186050,186100,False
186100,186150,False
186150,186200,False
186200,186250,False
186250,186300,False
186300,186350,False
186350,186400,False
186400,186450,False
186450,186500,False
186500,186550,False
186550,186600,False
186600,186650,False
186650,186700,False
186700,186750,False
186750,186800,False
186800,186850,False
186850,186900,False
186900,186950,False
186950,187000,False
187000,187050,False
187050,187100,False
187100,187150,False
187150,187200,False
187200,187250,False
187250,187300,False
187300,187350,False
187350,187400,False
187400,187450,False
187450,187500,False
187500,187550,False
187550,187600,False
187600,187650,False
187650,187700,False
187700,187750,False
187750,187800,False
187800,187850,False
187850,187900,False
187900,187950,False
187950,188000,False
188000,188050,False
188050,188100,False
188100,188150,False
188150,188200,False
188200,188250,False
188250,188300,False
188300,188350,False
188350,188400,False
188400,188450,False
188450,188500,False
188500,188550,False
188550,188600,False
188600,188650,False
188650,188700,False
188700,188750,False
188750,188800,False
188800,188850,False
188850,188900,False
188900,188950,False
188950,189000,False
189000,189050,False
189050,189100,False
189100,189150,False
189150,189200,False
189200,189250,False
189250,189300,False
189300,189350,False
189350,189400,False
189400,189450,False
189450,189500,False
189500,189550,False
189550,189600,False
189600,189650,False
189650,189700,False
189700,189750,False
189750,189800,True
189800,189850,False
189850,189900,False
189900,189950,False
189950,190000,False
190000,190050,False
190050,190100,True
190100,190150,False
190150,190200,True
190200,190250,False
190250,190300,False
190300,190350,True
190350,190400,False
190400,190450,False
190450,190500,False
190500,190550,True
190550,190600,False
190600,190650,False
190650,190700,True
190700,190750,False
190750,190800,False
190800,190850,False
190850,190900,False
190900,190950,False
190950,191000,True
191000,191050,False
191050,191100,True
191100,191150,False
191150,191200,False
191200,191250,False
191250,191300,False
191300,191350,False
191350,191400,False
191400,191450,False
191450,191500,True
191500,191550,False
191550,191600,False
191600,191650,False
191650,191700,False
191700,191750,False
191750,191800,False
191800,191850,False
191850,191900,True
191900,191950,False
191950,192000,False
192000,192050,False
192050,192100,True
192100,192150,False
192150,192200,False
192200,192250,False
192250,192300,True
192300,192350,False
192350,192400,False
192400,192450,False
192450,192500,True
192500,192550,False
192550,192600,False
192600,192650,True
192650,192700,False
192700,192750,False
192750,192800,False
192800,192850,False
192850,192900,False
192900,192950,False
192950,193000,False
193000,193050,True
193050,193100,False
193100,193150,False
193150,193200,False
193200,193250,False
193250,193300,False
193300,193350,True
193350,193400,False
193400,193450,False
193450,193500,False
193500,193550,True
193550,193600,False
193600,193650,False
193650,193700,False
193700,193750,True
193750,193800,False
193800,193850,False
193850,193900,False
193900,193950,True
193950,194000,False
194000,194050,False
194050,194100,False
194100,194150,True
194150,194200,False
194200,194250,False
194250,194300,False
194300,194350,False
194350,194400,False
194400,194450,False
194450,194500,False
194500,194550,True
194550,194600,False
194600,194650,False
194650,194700,True
194700,194750,False
194750,194800,False
194800,194850,False
194850,194900,True
194900,194950,False
194950,195000,False
195000,195050,False
195050,195100,True
195100,195150,False
195150,195200,True
195200,195250,True
195250,195300,False
195300,195350,False
195350,195400,False
195400,195450,True
195450,195500,False
195500,195550,False
195550,195600,False
195600,195650,False
195650,195700,False
195700,195750,False
195750,195800,True
195800,195850,False
195850,195900,False
195900,195950,False
195950,196000,False
196000,196050,True
196050,196100,False
196100,196150,True
196150,196200,False
196200,196250,False
196250,196300,False
196300,196350,False
196350,196400,True
196400,196450,False
196450,196500,False
196500,196550,True
196550,196600,False
196600,196650,False
196650,196700,False
196700,196750,True
196750,196800,False
196800,196850,False
196850,196900,False
196900,196950,False
196950,197000,False
197000,197050,False
197050,197100,False
197100,197150,True
197150,197200,False
197200,197250,False
197250,197300,False
197300,197350,False
197350,197400,False
197400,197450,False
197450,197500,True
197500,197550,False
197550,197600,False
197600,197650,False
197650,197700,False
197700,197750,False
197750,197800,False
197800,197850,True
197850,197900,False
197900,197950,False
197950,198000,False
198000,198050,False
198050,198100,True
198100,198150,False
198150,198200,False
198200,198250,True
198250,198300,False
198300,198350,False
198350,198400,False
198400,198450,True
198450,198500,False
198500,198550,False
198550,198600,False
198600,198650,True
198650,198700,False
198700,198750,False
198750,198800,False
198800,198850,False
198850,198900,False
198900,198950,True
198950,199000,False
199000,199050,False
199050,199100,False
199100,199150,False
199150,199200,False
199200,199250,False
199250,199300,False
199300,199350,True
199350,199400,False
199400,199450,False
199450,199500,False
199500,199550,True
199550,199600,False
199600,199650,False
199650,199700,False
199700,199750,True
199750,199800,False
199800,199850,False
199850,199900,False
199900,199950,True
199950,200000,False
200000,200050,False
200050,200100,False
200100,200150,True
200150,200200,False
200200,200250,False
200250,200300,False
200300,200350,True
200350,200400,False
200400,200450,False
200450,200500,True
200500,200550,False
200550,200600,False
200600,200650,False
200650,200700,False
200700,200750,False
200750,200800,False
200800,200850,False
200850,200900,True
200900,200950,False
200950,201000,False
201000,201050,False
201050,201100,True
201100,201150,False
201150,201200,False
201200,201250,True
201250,201300,False
201300,201350,False
201350,201400,False
201400,201450,True
201450,201500,False
201500,201550,False
201550,201600,False
201600,201650,False
201650,201700,False
201700,201750,False
201750,201800,True
201800,201850,False
201850,201900,False
201900,201950,False
201950,202000,True
202000,202050,False
202050,202100,False
202100,202150,False
202150,202200,True
202200,202250,False
202250,202300,False
202300,202350,True
202350,202400,False
202400,202450,False
202450,202500,True
202500,202550,False
202550,202600,False
202600,202650,False
202650,202700,False
202700,202750,True
202750,202800,False
202800,202850,False
202850,202900,False
202900,202950,True
202950,203000,False
203000,203050,False
203050,203100,False
203100,203150,False
203150,203200,False
203200,203250,False
203250,203300,False
203300,203350,True
203350,203400,False
203400,203450,False
203450,203500,True
203500,203550,False
203550,203600,False
203600,203650,False
203650,203700,False
203700,203750,True
203750,203800,False
203800,203850,False
203850,203900,False
203900,203950,False
203950,204000,False
204000,204050,True
204050,204100,False
204100,204150,False
204150,204200,False
204200,204250,True
204250,204300,False
204300,204350,False
204350,204400,False
204400,204450,True
204450,204500,False
204500,204550,False
204550,204600,False
204600,204650,False
204650,204700,False
204700,204750,False
204750,204800,True
204800,204850,False
204850,204900,False
204900,204950,True
204950,205000,False
205000,205050,False
205050,205100,False
205100,205150,False
205150,205200,True
205200,205250,False
205250,205300,False
205300,205350,True
205350,205400,False
205400,205450,False
205450,205500,True
205500,205550,False
205550,205600,False
205600,205650,False
205650,205700,False
205700,205750,True
205750,205800,False
205800,205850,False
205850,205900,False
205900,205950,True
205950,206000,False
206000,206050,False
206050,206100,False
206100,206150,False
206150,206200,False
206200,206250,True
206250,206300,False
206300,206350,False
206350,206400,False
206400,206450,True
206450,206500,True
206500,206550,False
206550,206600,False
206600,206650,False
206650,206700,True
206700,206750,False
206750,206800,False
206800,206850,False
206850,206900,False
206900,206950,False
206950,207000,False
207000,207050,True
207050,207100,False
207100,207150,False
207150,207200,False
207200,207250,True
207250,207300,False
207300,207350,False
207350,207400,False
207400,207450,True
207450,207500,False
207500,207550,False
207550,207600,False
207600,207650,True
207650,207700,False
207700,207750,True
207750,207800,False
207800,207850,False
207850,207900,False
207900,207950,True
207950,208000,False
208000,208050,False
208050,208100,False
208100,208150,True
208150,208200,False
208200,208250,False
208250,208300,False
208300,208350,True
208350,208400,False
208400,208450,False
208450,208500,True
208500,208550,False
208550,208600,False
208600,208650,False
208650,208700,False
208700,208750,True
208750,208800,False
208800,208850,False
208850,208900,False
208900,208950,True
208950,209000,False
209000,209050,False
209050,209100,False
209100,209150,False
209150,209200,False
209200,209250,False
209250,209300,False
209300,209350,False
209350,209400,False
209400,209450,False
209450,209500,False
209500,209550,False
209550,209600,False
209600,209650,False
209650,209700,False
209700,209750,False
209750,209800,False
209800,209850,False
209850,209900,False
209900,209950,False
209950,210000,False
210000,210050,False
210050,210100,False
210100,210150,False
210150,210200,False
210200,210250,False
210250,210300,False
210300,210350,False
210350,210400,False
210400,210450,False
210450,210500,False
210500,210550,False
210550,210600,False
210600,210650,False
210650,210700,False
210700,210750,False
210750,210800,False
210800,210850,False
210850,210900,False
210900,210950,False
210950,211000,False
211000,211050,False
211050,211100,False
211100,211150,False
211150,211200,False
211200,211250,False
211250,211300,False
211300,211350,False
211350,211400,True
211400,211450,False
211450,211500,False
211500,211550,False
211550,211600,False
211600,211650,False
211650,211700,False
211700,211750,False
211750,211800,False
211800,211850,False
211850,211900,False
211900,211950,False
211950,212000,False
212000,212050,False
212050,212100,False
212100,212150,False
212150,212200,False
212200,212250,False
212250,212300,False
212300,212350,False
212350,212400,False
212400,212450,False
212450,212500,False
212500,212550,False
212550,212600,False
212600,212650,False
212650,212700,False
212700,212750,False
212750,212800,False
212800,212850,False
212850,212900,False
212900,212950,False
212950,213000,False
213000,213050,False
213050,213100,False
213100,213150,False
213150,213200,False
213200,213250,False
213250,213300,False
213300,213350,False
213350,213400,False
213400,213450,False
213450,213500,False
213500,213550,False
213550,213600,False
213600,213650,False
213650,213700,False
213700,213750,False
213750,213800,True
213800,213850,False
213850,213900,False
213900,213950,False
213950,214000,True
214000,214050,False
214050,214100,False
214100,214150,False
214150,214200,True
214200,214250,False
214250,214300,False
214300,214350,False
214350,214400,True
214400,214450,False
214450,214500,False
214500,214550,False
214550,214600,False
214600,214650,False
214650,214700,False
214700,214750,True
214750,214800,False
214800,214850,False
214850,214900,False
214900,214950,False
214950,215000,False
215000,215050,False
215050,215100,True
215100,215150,False
215150,215200,False
215200,215250,False
215250,215300,False
215300,215350,False
215350,215400,False
215400,215450,False
215450,215500,False
215500,215550,False
215550,215600,False
215600,215650,False
215650,215700,False
215700,215750,False
215750,215800,False
215800,215850,False
215850,215900,False
215900,215950,False
215950,216000,False
216000,216050,False
216050,216100,False
216100,216150,False
216150,216200,False
216200,216250,False
216250,216300,False
216300,216350,False
216350,216400,False
216400,216450,False
216450,216500,False
216500,216550,False
216550,216600,False
216600,216650,False
216650,216700,False
216700,216750,False
216750,216800,False
216800,216850,False
216850,216900,False
216900,216950,False
216950,217000,False
217000,217050,False
217050,217100,False
217100,217150,False
217150,217200,False
217200,217250,False
217250,217300,False
217300,217350,True
217350,217400,False
217400,217450,False
217450,217500,True
217500,217550,False
217550,217600,False
217600,217650,False
217650,217700,False
217700,217750,False
217750,217800,False
217800,217850,False
217850,217900,False
217900,217950,False
217950,218000,False
218000,218050,False
218050,218100,False
218100,218150,False
218150,218200,False
218200,218250,False
218250,218300,False
218300,218350,False
218350,218400,False
218400,218450,False
218450,218500,False
218500,218550,False
218550,218600,False
218600,218650,False
218650,218700,False
218700,218750,False
218750,218800,False
218800,218850,False
218850,218900,False
218900,218950,False
218950,219000,False
219000,219050,False
219050,219100,False
219100,219150,False
219150,219200,False
219200,219250,False
219250,219300,False
219300,219350,False
219350,219400,False
219400,219450,False
219450,219500,False
219500,219550,False
219550,219600,False
219600,219650,False
219650,219700,False
219700,219750,False
219750,219800,False
219800,219850,False
219850,219900,False
219900,219950,False
219950,220000,False
220000,220050,False
220050,220100,False
220100,220150,False
220150,220200,False
220200,220250,False
220250,220300,False
220300,220350,False
220350,220400,False
220400,220450,False
220450,220500,False
220500,220550,False
220550,220600,False
220600,220650,False
220650,220700,False
220700,220750,False
220750,220800,False
220800,220850,False
220850,220900,False
220900,220950,False
220950,221000,False
221000,221050,False
221050,221100,False
221100,221150,False
221150,221200,False
221200,221250,False
221250,221300,False
221300,221350,False
221350,221400,False
221400,221450,False
221450,221500,False
221500,221550,False
221550,221600,False
221600,221650,False
221650,221700,False
221700,221750,False
221750,221800,False
221800,221850,False
221850,221900,False
221900,221950,False
221950,222000,False
222000,222050,False
222050,222100,False
222100,222150,False
222150,222200,False
222200,222250,False
222250,222300,False
222300,222350,False
222350,222400,False
222400,222450,False
222450,222500,False
222500,222550,False
222550,222600,False
222600,222650,False
222650,222700,False
222700,222750,False
222750,222800,False
222800,222850,False
222850,222900,False
222900,222950,False
222950,223000,False
223000,223050,False
223050,223100,False
223100,223150,False
223150,223200,False
223200,223250,False
223250,223300,False
223300,223350,False
223350,223400,False
223400,223450,False
223450,223500,False
223500,223550,False
223550,223600,False
223600,223650,False
223650,223700,False
223700,223750,False
223750,223800,False
223800,223850,False
223850,223900,False
223900,223950,False
223950,224000,True
224000,224050,False
224050,224100,False
224100,224150,False
224150,224200,False
224200,224250,False
224250,224300,True
224300,224350,False
224350,224400,False
224400,224450,False
224450,224500,True
224500,224550,False
224550,224600,False
224600,224650,False
224650,224700,True
224700,224750,False
224750,224800,False
224800,224850,False
224850,224900,True
224900,224950,False
224950,225000,False
225000,225050,True
225050,225100,False
225100,225150,False
225150,225200,True
225200,225250,False
225250,225300,False
225300,225350,False
225350,225400,True
225400,225450,False
225450,225500,False
225500,225550,False
225550,225600,True
225600,225650,False
225650,225700,False
225700,225750,False
225750,225800,True
225800,225850,False
225850,225900,False
225900,225950,False
225950,226000,True
226000,226050,False
226050,226100,False
226100,226150,False
226150,226200,True
226200,226250,False
226250,226300,False
226300,226350,False
226350,226400,True
226400,226450,False
226450,226500,False
226500,226550,False
226550,226600,False
226600,226650,False
226650,226700,False
226700,226750,True
226750,226800,False
226800,226850,False
226850,226900,False
226900,226950,False
226950,227000,False
227000,227050,False
227050,227100,False
227100,227150,False
227150,227200,False
227200,227250,False
227250,227300,False
227300,227350,False
227350,227400,False
227400,227450,True
227450,227500,False
227500,227550,False
227550,227600,False
227600,227650,True
227650,227700,False
227700,227750,True
227750,227800,False
227800,227850,False
227850,227900,True
227900,227950,False
227950,228000,False
228000,228050,False
228050,228100,False
228100,228150,False
228150,228200,False
228200,228250,False
228250,228300,False
228300,228350,False
228350,228400,False
228400,228450,False
228450,228500,False
228500,228550,False
228550,228600,True
228600,228650,False
228650,228700,False
228700,228750,True
228750,228800,False
228800,228850,False
228850,228900,False
228900,228950,True
228950,229000,False
229000,229050,True
229050,229100,False
229100,229150,True
229150,229200,False
229200,229250,True
229250,229300,False
229300,229350,False
229350,229400,True
229400,229450,False
229450,229500,False
229500,229550,False
229550,229600,False
229600,229650,False
229650,229700,False
229700,229750,True
229750,229800,False
229800,229850,False
229850,229900,False
229900,229950,False
229950,230000,False
230000,230050,False
230050,230100,False
230100,230150,False
230150,230200,False
230200,230250,False
230250,230300,False
230300,230350,False
230350,230400,False
230400,230450,False
230450,230500,False
230500,230550,False
230550,230600,False
230600,230650,False
230650,230700,False
230700,230750,False
230750,230800,False
230800,230850,False
230850,230900,False
230900,230950,False
230950,231000,False
231000,231050,False
231050,231100,False
231100,231150,False
231150,231200,False
231200,231250,False
231250,231300,False
231300,231350,False
231350,231400,False
231400,231450,False
231450,231500,False
231500,231550,False
231550,231600,False
231600,231650,False
231650,231700,False
231700,231750,False
231750,231800,False
231800,231850,False
231850,231900,False
231900,231950,False
231950,232000,False
232000,232050,False
232050,232100,False
232100,232150,False
232150,232200,False
232200,232250,False
232250,232300,False
232300,232350,False
232350,232400,False
232400,232450,False
232450,232500,False
232500,232550,False
232550,232600,False
232600,232650,False
232650,232700,False
232700,232750,False
232750,232800,False
232800,232850,False
232850,232900,False
232900,232950,False
232950,233000,False
233000,233050,False
233050,233100,False
233100,233150,False
233150,233200,False
233200,233250,False
233250,233300,False
233300,233350,False
233350,233400,False
233400,233450,False
233450,233500,False
233500,233550,False
233550,233600,False
233600,233650,False
233650,233700,False
233700,233750,False
233750,233800,False
233800,233850,False
233850,233900,False
233900,233950,False
233950,234000,False
234000,234050,False
234050,234100,False
234100,234150,False
234150,234200,False
234200,234250,False
234250,234300,False
234300,234350,False
234350,234400,False
234400,234450,False
234450,234500,False
234500,234550,False
234550,234600,False
234600,234650,False
234650,234700,False
234700,234750,False
234750,234800,False
234800,234850,False
234850,234900,False
234900,234950,False
234950,235000,False
235000,235050,False
235050,235100,False
235100,235150,False
