index,file,start,end,token
0,0,0,12100,<silence>
1,0,12100,12710,$breathing
2,0,12710,13063,か
3,0,13063,13280,<silence>
4,0,13280,13506,た
5,0,13506,13510,<silence>
6,0,13510,13630,ん
7,0,13630,13810,す
8,0,13810,13837,<silence>
9,0,13837,14180,ぎ
10,0,14180,14400,<silence>
11,0,14400,14785,た
12,0,14785,14790,<silence>
13,0,14790,14930,の
14,0,14930,14960,<silence>
15,0,14960,15360,か
16,0,15360,15532,な
17,0,15530,15660,び
18,0,15660,15845,ん
19,0,15845,15912,<silence>
20,0,15912,16320,が
21,0,16320,16435,る
22,0,16435,16440,<silence>
23,0,16440,16650,い
24,0,16650,16833,<silence>
25,0,16833,17150,わ
26,0,17150,17340,$breathing
27,0,17340,17730,せ
28,0,17730,17900,し
29,0,17900,17960,<silence>
30,0,17960,18340,だ
31,0,18335,18550,け
32,0,18550,18800,や
33,0,18800,19068,わ
34,0,19068,19070,<silence>
35,0,19070,19346,い
36,0,19346,19460,<silence>
37,0,19460,19795,か
38,0,19795,19840,<silence>
39,0,19840,20045,え
40,0,20045,20050,<silence>
41,0,20050,20170,ん
42,0,20170,20365,<silence>
43,0,20365,20570,め
44,0,20570,20770,い
45,0,20770,20830,<silence>
46,0,20830,20970,し
47,0,20970,21300,$breathing
48,0,21300,21520,$breathing
49,0,21520,21910,か
50,0,21905,22120,わ
51,0,22120,22354,い
52,0,22350,22470,ん
53,0,22470,22472,<silence>
54,0,22472,22839,わ
55,0,22839,22840,<silence>
56,0,22840,22998,え
57,0,22998,23000,<silence>
58,0,23000,23110,ん
59,0,23110,23410,$echo
60,0,23410,23634,え
61,0,23630,23770,ん
62,0,23770,23915,な
63,0,23915,23920,<silence>
64,0,23920,24340,み
65,0,24340,24568,の
66,0,24568,24570,<silence>
67,0,24570,24946,え
68,0,24946,24950,<silence>
69,0,24950,25069,ひ
70,0,25069,25070,<silence>
71,0,25070,25223,る
72,0,25220,25510,い
73,0,25506,25710,の
74,0,25708,25843,む
75,0,25840,26074,の
76,0,26070,26198,わ
77,0,26198,26200,<silence>
78,0,26200,26604,ちゅ
79,0,26600,26840,ど
80,0,26840,26948,く
81,0,26948,26950,<silence>
82,0,26950,27182,か
83,0,27180,27320,ん
84,0,27320,27577,じゃ
85,0,27577,27580,<silence>
86,0,27580,27710,ひ
87,0,27710,27851,ろ
88,0,27850,27986,い
89,0,27986,27990,<silence>
90,0,27990,28320,そ
91,0,28320,28435,ら
92,0,28435,28440,<silence>
93,0,28440,28710,な
94,0,28710,28820,の
95,0,28820,29059,に
96,0,29059,29060,<silence>
97,0,29060,29195,き
98,0,29195,29200,<silence>
99,0,29200,29610,みょ
100,0,29610,29612,<silence>
101,0,29612,29829,な
102,0,29829,29980,よ
103,0,29980,30192,か
104,0,30190,30350,ん
105,0,30350,30680,だ
106,0,30680,31053,そ
107,0,31050,31688,か
108,0,31688,31690,<silence>
109,0,31690,31820,ん
110,0,31820,32035,た
111,0,32035,32040,<silence>
112,0,32040,32201,ん
113,0,32200,32530,だ
114,0,32530,32560,<silence>
115,0,32560,32768,せ
116,0,32768,32770,<silence>
117,0,32770,32900,ん
118,0,32900,32940,<silence>
119,0,32940,33390,ちょ
120,0,33390,33600,を
121,0,33600,33743,き
122,0,33740,34080,め
123,0,34080,34084,<silence>
124,0,34084,34320,て
125,0,34320,34450,な
126,0,34448,34830,か
127,0,34830,35068,た
128,0,35068,35070,<silence>
129,0,35070,35210,ん
130,0,35210,35880,だ
131,0,35880,36350,そ
132,0,36350,36539,れ
133,0,36539,36540,<silence>
134,0,36540,36710,が
135,0,36710,36924,だ
136,0,36920,37060,ん
137,0,37060,37087,<silence>
138,0,37087,37253,け
139,0,37253,37353,つ
140,0,37353,37470,で
141,0,37470,37650,き
142,0,37650,37770,な
143,0,37770,37850,い
144,0,37850,37854,<silence>
145,0,37854,37970,よ
146,0,37970,38059,い
147,0,38059,38060,<silence>
148,0,38060,38210,ん
149,0,38210,38440,か
150,0,38437,38590,ん
151,0,38588,38689,た
152,0,38689,38789,ふ
153,0,38789,38856,く
154,0,38856,38920,め
155,0,38920,39030,せ
156,0,39030,39165,い
157,0,39165,39170,<silence>
158,0,39170,39260,ん
159,0,39256,39356,わ
160,0,39356,39360,<silence>
161,0,39360,39551,ご
162,0,39550,39650,に
163,0,39650,39720,ん
164,0,39720,39722,<silence>
165,0,39722,40002,だ
166,0,40002,40080,<silence>
167,0,40080,40244,こ
168,0,40240,40360,ほ
169,0,40356,40457,わ
170,0,40457,40660,こ
171,0,40660,40740,れ
172,0,40740,40810,で
173,0,40810,41050,ぜ
174,0,41050,41120,い
175,0,41118,41220,ん
176,0,41220,41453,か
177,0,41450,41685,さ
178,0,41685,41690,<silence>
179,0,41690,41790,ん
180,0,41790,41890,に
181,0,41890,41891,<silence>
182,0,41891,41960,ん
183,0,41960,42140,ふ
184,0,42140,42360,よ
185,0,42360,42530,で
186,0,42526,42664,い
187,0,42664,42710,<silence>
188,0,42710,43000,か
189,0,43000,43093,<silence>
190,0,43093,43180,ぶ
191,0,43180,43259,き
192,0,43259,43320,を
193,0,43320,43460,し
194,0,43460,43659,ま
195,0,43659,43840,え
196,0,43840,43918,か
197,0,43918,43920,<silence>
198,0,43920,44000,い
199,0,44000,44244,じょ
200,0,44240,44480,だ
201,0,44480,44594,<silence>
202,0,44594,44661,う
203,0,44661,44762,ば
204,0,44762,44862,い
205,0,44860,44990,あ
206,0,44989,45160,い
207,0,45160,45270,な
208,0,45270,45271,<silence>
209,0,45271,45330,ん
210,0,45330,45425,か
211,0,45425,45430,<silence>
212,0,45430,45520,い
213,0,45520,45728,じょ
214,0,45728,45984,だ
215,0,45984,46090,<silence>
216,0,46090,46170,た
217,0,46170,46376,す
218,0,46376,46380,<silence>
219,0,46380,46460,け
220,0,46460,46463,<silence>
221,0,46463,46662,つ
222,0,46662,46764,が
223,0,46764,46800,り
224,0,46800,47000,そ
225,0,47000,47220,さ
226,0,47220,47343,み
227,0,47340,47400,ん
228,0,47398,47497,な
229,0,47497,47564,じ
230,0,47560,47715,ぶ
231,0,47715,47720,<silence>
232,0,47720,47770,ん
233,0,47765,47865,に
234,0,47865,47965,い
235,0,47965,48031,れ
236,0,48031,48131,る
237,0,48131,48231,か
238,0,48230,48373,そ
239,0,48370,48470,う
240,0,48470,48880,か
241,0,48880,48966,<silence>
242,0,48966,49098,と
243,0,49098,49265,い
244,0,49265,49270,<silence>
245,0,49270,49490,う
246,0,49485,49700,わ
247,0,49700,49851,け
248,0,49850,50059,で
249,0,50059,50060,<silence>
250,0,50060,50269,さ
251,0,50269,50270,<silence>
252,0,50270,50470,い
253,0,50470,50616,れ
254,0,50616,50620,<silence>
255,0,50620,50730,ん
256,0,50730,50734,<silence>
257,0,50734,50868,す
258,0,50868,50990,き
259,0,50990,51134,み
260,0,51134,51335,し
261,0,51335,51340,<silence>
262,0,51340,51546,だ
263,0,51546,51550,<silence>
264,0,51550,51700,い
265,0,51700,51701,<silence>
266,0,51701,52069,だ
267,0,52069,52335,れ
268,0,52335,52402,に
269,0,52400,52484,し
270,0,52480,52700,た
271,0,52835,52840,<silence>
272,0,52840,53105,て
273,0,53105,53110,<silence>
274,0,53110,53251,き
275,0,53250,53390,に
276,0,53390,53570,し
277,0,53570,53760,な
278,0,53760,53764,<silence>
279,0,53764,53900,い
280,0,53900,54125,さ
281,0,54125,54130,<silence>
282,0,54130,54340,い
283,0,54340,54574,ご
284,0,54570,54740,の
285,0,54740,55082,こ
286,0,55080,55274,か
287,0,55270,55470,い
288,0,55470,55472,<silence>
289,0,55472,55680,だ
290,0,55680,55860,$breathing
291,0,55860,56000,か
292,0,56000,56140,ら
293,0,56140,56240,い
294,0,56240,56242,<silence>
295,0,56242,56470,き
296,0,56470,56585,さ
297,0,56585,56590,<silence>
298,0,56590,56810,き
299,0,56807,56906,わ
300,0,56906,56910,<silence>
301,0,56910,56983,え
302,0,56980,57210,ら
303,0,57210,57300,び
304,0,57300,57724,ほ
305,0,57720,57868,だ
306,0,57868,57870,<silence>
307,0,57870,58010,い
308,0,58010,58440,さ
309,0,58440,58442,<silence>
310,0,58442,58674,か
311,0,58674,58841,じ
312,0,58840,59065,を
313,0,59065,59070,<silence>
314,0,59070,59170,か
315,0,59170,59549,せ
316,0,59549,59550,<silence>
317,0,59550,59940,こ
318,0,59940,60202,た
319,0,60200,60370,い
320,0,60370,60780,だ
321,0,60780,71930,<silence>
322,0,71930,72102,ぷ
323,0,72100,72260,り
324,0,72256,72355,ず
325,0,72355,72360,<silence>
326,0,72360,72429,み
327,0,72429,72430,<silence>
328,0,72430,72520,す
329,0,72520,72654,た
330,0,72650,73124,さ
331,0,73120,73260,ん
332,0,73260,73480,い
333,0,73860,74040,す
334,0,74040,74224,あ
335,0,74224,74640,ど
336,0,74640,74992,し
337,0,74992,75525,て
338,0,75525,75530,<silence>
339,0,75530,75742,あ
340,0,75740,76200,ど
341,0,76200,76410,し
342,0,76410,77230,て
343,0,77230,77551,ら
344,0,77550,78002,べ
345,0,78000,78330,る
346,0,78330,78730,の
347,0,78728,79090,が
348,0,79090,79517,き
349,0,79517,79520,<silence>
350,0,79520,79820,$breathing
351,0,79820,80110,み
352,0,80110,80596,し
353,0,80596,80963,か
354,0,80963,81331,い
355,0,81331,81731,な
356,0,81731,82219,い
357,0,82219,82465,<silence>
358,0,82465,83233,ん
359,0,83233,83950,だ
360,0,83950,84150,お
361,0,84150,84334,ね
362,0,84330,84528,が
363,0,84528,84530,<silence>
364,0,84530,84660,い
365,0,87470,87600,す
366,0,87600,88262,み
367,0,88260,89560,<silence>
368,0,89560,89950,$breathing
369,0,89950,90160,お
370,0,90160,90340,ね
371,0,90340,90508,が
372,0,90508,90510,<silence>
373,0,90510,90680,い
374,0,93609,94440,み
375,0,94440,94800,$breathing
376,0,94798,95010,ほ
377,0,95010,95012,<silence>
378,0,95012,95540,ら
379,0,95540,95730,$breathing
380,0,95730,95950,は
381,0,95950,96140,や
382,0,96140,96320,く
383,0,96320,96680,きょ
384,0,96680,99550,じゅ
385,0,99549,100310,に
386,0,100310,101536,<silence>
387,0,101536,101950,$breathing
388,0,101950,101951,<silence>
389,0,101951,102152,お
390,0,102152,102330,ね
391,0,102330,102506,が
392,0,102506,102510,<silence>
393,0,102510,102680,い
394,0,105220,105660,$breathing
395,0,107757,107980,き
396,0,107980,108158,み
397,0,108158,108325,が
398,0,108325,108530,きょ
399,0,108525,108724,え
400,0,108720,108946,ら
401,0,108946,108950,<silence>
402,0,108950,109090,ん
403,0,109090,109093,<silence>
404,0,109093,109270,で
405,0,109270,109350,く
406,0,109350,109680,れ
407,0,109680,109857,な
408,0,109857,109860,<silence>
409,0,109860,110050,と
410,0,110050,110390,な
411,0,110390,110394,<silence>
412,0,110394,110593,も
413,0,110593,110760,で
414,0,110760,111150,き
415,0,111150,111398,な
416,0,111398,111400,<silence>
417,0,111400,111540,い
418,0,111540,111710,$breathing
419,0,111710,111931,か
420,0,111930,112100,ん
421,0,112100,112240,が
422,0,112240,112390,え
423,0,112390,112690,て
424,0,112690,112880,く
425,0,112880,113060,れ
426,0,113060,113256,な
427,0,113256,113260,<silence>
428,0,113260,113420,い
429,0,113420,113550,と
430,0,113550,113671,し
431,0,113670,113790,ん
432,0,113790,114016,ぱ
433,0,114016,114020,<silence>
434,0,114020,114160,い
435,0,114160,114670,に
436,0,114670,114970,か
437,0,114967,115060,ん
438,0,115060,115064,<silence>
439,0,115064,115280,じ
440,0,115280,115442,ちゃ
441,0,115440,115709,う
442,0,115709,115710,<silence>
443,0,115710,115820,ん
444,0,115820,116060,だ
445,0,116060,116400,こ
446,0,116400,116585,な
447,0,116585,116590,<silence>
448,0,116590,116750,と
449,0,116750,117167,こ
450,0,117167,117530,で
451,0,117530,117534,<silence>
452,0,117534,117700,ま
453,0,117700,117968,よ
454,0,118080,118370,て
455,0,118367,118602,と
456,0,118602,118835,し
457,0,118835,119036,ず
458,0,119036,119403,む
459,0,119403,119520,よ
460,0,119520,119650,し
461,0,119650,119654,<silence>
462,0,119654,119770,ん
463,0,119770,120008,か
464,0,120008,120010,<silence>
465,0,120010,120170,い
466,0,120170,120949,に
467,0,120949,124322,<silence>
468,0,124322,124580,$breathing
469,0,124580,124760,し
470,0,124760,124960,ず
471,0,124960,125376,む
472,0,125376,125380,<silence>
473,0,125380,125510,よ
474,0,125510,125654,し
475,0,125650,125780,ん
476,0,125780,126011,か
477,0,126010,126160,い
478,0,126160,126754,に
479,0,126750,130360,<silence>
480,0,130360,130608,$breathing
481,0,130608,130610,<silence>
482,0,130610,130840,し
483,0,130840,131014,ず
484,0,131010,131445,む
485,0,131445,131450,<silence>
486,0,131450,131546,よ
487,0,131546,131550,<silence>
488,0,131550,131640,し
489,0,131640,131642,<silence>
490,0,131642,131770,ん
491,0,131770,131992,か
492,0,131990,132177,い
493,0,132177,132180,<silence>
494,0,132180,132750,に
495,0,132750,136029,$echo
496,0,136029,138272,<silence>
497,0,138270,139201,$breathing
498,0,139200,142240,<silence>
499,0,142240,143448,$breathing
500,0,143448,155631,<silence>
501,0,155631,155917,$breathing
502,0,155917,155920,<silence>
503,0,155920,156140,ぬ
504,0,156139,156340,れ
505,0,156340,156510,て
506,0,156507,156720,き
507,0,156720,157784,づ
508,0,157780,158080,い
509,0,158080,159000,た
510,0,159000,159186,<silence>
511,0,159186,159385,$breathing
512,0,159385,159482,<silence>
513,0,159482,159739,ふ
514,0,159739,159740,<silence>
515,0,159740,160080,る
516,0,160080,160328,え
517,0,160328,160330,<silence>
518,0,160330,160668,る
519,0,160668,160670,<silence>
520,0,160670,160860,か
521,0,160860,160862,<silence>
522,0,160862,161074,ら
523,0,161070,161448,だ
524,0,161448,161777,$breathing
525,0,161777,161979,あ
526,0,161979,162179,ふ
527,0,162179,162346,れ
528,0,162346,162513,て
529,0,162513,162699,き
530,0,162699,162700,<silence>
531,0,162700,163881,ちゃ
532,0,164080,164998,た
533,0,164998,165100,<silence>
534,0,165100,165493,$breathing
535,0,165490,165740,ふ
536,0,165740,166108,な
537,0,166108,166110,<silence>
538,0,166110,166334,ぞ
539,0,166330,166690,こ
540,0,166690,166850,か
541,0,166850,167070,ら
542,0,167065,167480,だ
543,0,167480,167783,$breathing
544,0,167783,167950,あ
545,0,167950,168151,な
546,0,168151,168352,が
547,0,168352,168519,あ
548,0,168519,168718,い
549,0,168718,168720,<silence>
550,0,168720,169317,た
551,0,169317,169320,<silence>
552,0,169320,169496,ん
553,0,169496,169500,<silence>
554,0,169500,170020,だ
555,0,170020,170170,ざ
556,0,170170,170650,しょ
557,0,170650,170954,し
558,0,170954,171510,て
559,0,171510,171720,あ
560,0,171720,171722,<silence>
561,0,171722,172220,ど
562,0,172220,172455,し
563,0,172455,173022,て
564,0,173022,173189,な
565,0,173189,173480,お
566,0,173480,173956,せ
567,0,173956,174358,る
568,0,174358,174724,の
569,0,174720,175100,が
570,0,175100,175102,<silence>
571,0,175102,175830,き
572,0,175830,176100,み
573,0,176100,176592,し
574,0,176592,176960,か
575,0,176960,177326,い
576,0,177326,177693,な
577,0,177693,178460,い
578,0,178460,178461,<silence>
579,0,178461,179229,ん
580,0,179229,179962,だ
581,0,179962,180163,お
582,0,180163,180364,ね
583,0,180364,180531,が
584,0,180531,180600,い
585,0,180600,183530,しゅ
586,0,183530,184496,り
587,0,184496,185560,<silence>
588,0,185560,185817,$breathing
589,0,185817,185948,<silence>
590,0,185948,186150,お
591,0,186150,186336,ね
592,0,186336,186490,が
593,0,186490,186610,い
594,0,186610,189540,しゅ
595,0,189539,190320,り
596,0,190320,190708,$breathing
597,0,190708,190710,<silence>
598,0,190710,191540,さ
599,0,191540,191760,$breathing
600,0,191760,191925,ほ
601,0,191925,191930,<silence>
602,0,191930,192160,ら
603,0,192160,192162,<silence>
604,0,192162,192340,い
605,0,192340,192342,<silence>
606,0,192342,192470,ま
607,0,192470,192703,す
608,0,192700,195550,ぐ
609,0,195550,197078,に
610,0,197078,197371,<silence>
611,0,197371,197688,$breathing
612,0,197688,197752,<silence>
613,0,197752,197880,ふ
614,0,197880,198147,さ
615,0,198147,198150,<silence>
616,0,198150,198334,い
617,0,198330,198530,で
618,0,198530,198690,ね
619,0,198690,199816,ちゅ
620,0,199816,200050,し
621,0,200050,200850,て
622,0,200850,201318,$breathing
623,0,201318,201320,<silence>
624,0,201320,201660,ね
625,0,201659,202820,ちゅ
626,0,202818,203050,し
627,0,203050,203753,て
628,0,203753,203954,き
629,0,203954,204153,み
630,0,204153,204320,が
631,0,204320,204520,きょ
632,0,204520,204620,ふ
633,0,204620,204860,さ
634,0,204860,204863,<silence>
635,0,204863,205090,い
636,0,205090,205262,で
637,0,205260,205350,く
638,0,205350,205660,れ
639,0,205660,205762,な
640,0,205760,205832,い
641,0,205830,206020,と
642,0,206020,206022,<silence>
643,0,206022,206390,な
644,0,206389,206590,も
645,0,206590,206757,で
646,0,206757,207123,き
647,0,207120,207376,な
648,0,207376,207380,<silence>
649,0,207380,207720,い
650,0,207720,207954,か
651,0,207950,208070,ん
652,0,208070,208250,じ
653,0,208250,208404,て
654,0,208400,208583,る
655,0,208580,208860,そ
656,0,208860,208950,ろ
657,0,208950,209425,そ
658,0,209425,209592,ろ
659,0,209590,209709,げ
660,0,209709,209710,<silence>
661,0,209710,209790,ん
662,0,209790,210000,か
663,0,210000,210130,い
664,0,210130,210720,ち
665,0,210720,210946,だ
666,0,210946,210950,<silence>
667,0,210950,211080,い
668,0,211080,211260,じ
669,0,211260,211360,な
670,0,211360,211662,も
671,0,211662,211780,の
672,0,211780,212028,さ
673,0,212028,212340,が
674,0,212340,212596,し
675,0,212596,212800,に
676,0,212795,213163,か
677,0,213160,213382,な
678,0,213380,213720,い
679,0,213720,213940,だ
680,0,213940,214100,い
681,0,214097,214264,な
682,0,214264,214364,ゆ
683,0,214364,214664,め
684,0,214660,214830,の
685,0,214830,215060,た
686,0,215060,215337,び
687,0,215337,215340,<silence>
688,0,215340,215472,し
689,0,215470,215540,ん
690,0,215540,215770,せ
691,0,215770,216002,か
692,0,216000,216130,い
693,0,216130,216700,に
694,0,216699,216967,き
695,0,216967,217110,み
696,0,217110,217287,が
697,0,217287,217290,<silence>
698,0,217290,217370,い
699,0,217370,217605,な
700,0,217605,217610,<silence>
701,0,217610,217830,い
702,0,217830,217834,<silence>
703,0,217834,218001,と
704,0,218001,218401,い
705,0,218401,218568,み
706,0,218568,218570,<silence>
707,0,218570,218680,な
708,0,218680,218770,ん
709,0,218769,219135,て
710,0,219135,219140,<silence>
711,0,219140,219407,な
712,0,219407,219410,<silence>
713,0,219410,219730,い
714,0,219730,219998,か
715,0,219998,220000,<silence>
716,0,220000,220117,ん
717,0,220117,220120,<silence>
718,0,220120,220265,が
719,0,220265,220270,<silence>
720,0,220270,220407,え
721,0,220407,220410,<silence>
722,0,220410,220680,て
723,0,220680,220836,く
724,0,220836,221038,れ
725,0,221038,221040,<silence>
726,0,221040,221237,な
727,0,221237,221240,<silence>
728,0,221240,221410,い
729,0,221405,221520,と
730,0,221520,221645,し
731,0,221645,221650,<silence>
732,0,221650,221770,ん
733,0,221770,221997,ぱ
734,0,221997,222000,<silence>
735,0,222000,222170,い
736,0,222170,222474,に
737,0,222474,222730,$breathing
738,0,222730,222952,か
739,0,222950,223070,ん
740,0,223070,223073,<silence>
741,0,223073,223272,じ
742,0,223270,223435,ちゃ
743,0,223435,223440,<silence>
744,0,223440,223840,う
745,0,223840,224007,だ
746,0,224007,224010,<silence>
747,0,224010,224278,こ
748,0,224278,224280,<silence>
749,0,224280,224358,ん
750,0,224358,224360,<silence>
751,0,224360,224570,な
752,0,224570,224574,<silence>
753,0,224574,224775,と
754,0,224775,224780,<silence>
755,0,224780,225197,こ
756,0,225197,225200,<silence>
757,0,225200,225510,で
758,0,225508,225710,ま
759,0,225710,226024,よ
760,0,226075,226242,て
761,0,226240,226383,る
762,0,226380,226640,と
763,0,226640,226810,い
764,0,226810,227030,け
765,0,227030,227238,な
766,0,227238,227240,<silence>
767,0,227240,227380,い
768,0,227377,227578,よ
769,0,227578,227580,<silence>
770,0,227580,227680,ぜ
771,0,227777,227780,<silence>
772,0,227780,228005,た
773,0,228005,228010,<silence>
774,0,228010,228180,い
775,0,228180,229115,に
776,0,229115,232342,<silence>
777,0,232342,232608,$breathing
778,0,232608,232649,<silence>
779,0,232649,232830,い
780,0,232830,233015,け
781,0,233015,233020,<silence>
782,0,233020,233216,な
783,0,233216,233220,<silence>
784,0,233220,233380,い
785,0,233380,233557,よ
786,0,233557,233560,<silence>
787,0,233560,233680,ぜ
788,0,233680,233683,<silence>
789,0,234160,234717,に
790,0,234717,246288,<silence>
791,6,0,11750,<silence>
792,6,11750,11930,て
793,6,11930,12080,に
794,6,12080,12238,し
795,6,12238,12240,<silence>
796,6,12240,12360,た
797,6,12360,12530,も
798,6,12528,12695,の
799,6,12695,12700,<silence>
800,6,12700,13030,い
801,6,13030,13191,が
802,6,13190,13330,い
803,6,13330,13670,が
804,6,13670,13830,$breathing
805,6,13830,14030,き
806,6,14030,14430,れ
807,6,14430,14668,い
808,6,14668,14670,<silence>
809,6,14670,14964,に
810,6,14960,15120,み
811,6,15120,15287,え
812,6,15287,15290,<silence>
813,6,15290,15580,た
814,6,15580,16611,<silence>
815,6,16611,16761,$breathing
816,6,16761,16810,<silence>
817,6,16810,17131,ど
818,6,17130,17340,せ
819,6,17340,17510,こ
820,6,17506,17630,ん
821,6,17630,17634,<silence>
822,6,17634,17800,な
823,6,17800,17960,も
824,6,17960,17964,<silence>
825,6,17964,18140,ん
826,6,18140,18460,か
827,6,18460,18681,が
828,6,18681,18940,$breathing
829,6,18940,19090,く
830,6,19090,19320,ち
831,6,19320,19567,$breathing
832,6,19567,19690,ぐ
833,6,19690,20065,せ
834,6,20065,20070,<silence>
835,6,20070,20170,だ
836,6,20336,20340,<silence>
837,6,20340,20869,た
838,6,20869,21717,<silence>
839,6,21717,21840,$breathing
840,6,21840,21982,<silence>
841,6,21982,22040,う
842,6,22040,22300,す
843,6,22299,22410,ら
844,6,22410,22617,わ
845,6,22617,22620,<silence>
846,6,22620,22780,ら
847,6,22780,22940,い
848,6,22940,23160,ば
849,6,23250,23574,か
850,6,23570,23863,が
851,6,23863,24044,$breathing
852,6,24044,24210,と
853,6,24210,24531,く
854,6,24531,24690,<silence>
855,6,24690,24810,い
856,6,24810,25170,に
857,6,25170,25402,な
858,6,25480,25845,た
859,6,25845,26268,$breathing
860,6,26268,26270,<silence>
861,6,26270,26598,け
862,6,26598,26600,<silence>
863,6,26600,26903,ど
864,6,26903,27103,$breathing
865,6,27100,27230,い
866,6,27230,27413,ち
867,6,27410,27601,ば
868,6,27600,27660,ん
869,6,27659,27880,わ
870,6,27878,28012,ら
871,6,28010,28270,え
872,6,28268,28352,る
873,6,28350,28680,の
874,6,28680,28967,わ
875,6,28967,29165,$breathing
876,6,29165,29350,こ
877,6,29350,29622,の
878,6,29622,29798,$breathing
879,6,29798,29800,<silence>
880,6,29800,29986,ぷ
881,6,29986,29990,<silence>
882,6,29990,30240,ら
883,6,30240,30429,い
884,6,30429,30430,<silence>
885,6,30430,30628,ど
886,6,30628,30630,<silence>
887,6,30630,31007,だ
888,6,31007,31158,<silence>
889,6,31158,31376,$breathing
890,6,31376,31390,<silence>
891,6,31390,31570,い
892,6,31570,32010,しょ
893,6,32010,32259,け
894,6,32259,32260,<silence>
895,6,32260,32380,ん
896,6,32380,32487,め
897,6,32487,32490,<silence>
898,6,32490,32620,い
899,6,32620,32890,な
900,6,32890,32980,ん
901,6,32980,33503,か
902,6,33503,33598,<silence>
903,6,33598,33859,$breathing
904,6,33859,33920,<silence>
905,6,33920,34200,ぜ
906,6,34200,34201,<silence>
907,6,34201,34280,ん
908,6,34280,34444,ぶ
909,6,34440,34568,む
910,6,34568,34570,<silence>
911,6,34570,34917,だ
912,6,34917,34920,<silence>
913,6,35210,35450,た
914,6,35448,35520,ん
915,6,35520,36133,だ
916,6,36133,36269,<silence>
917,6,36269,36490,$breathing
918,6,36490,36491,<silence>
919,6,36491,36817,あ
920,6,36817,36820,<silence>
921,6,36820,36990,も
922,6,36987,37087,い
923,6,37087,37090,<silence>
924,6,37090,37463,や
925,6,37460,37760,に
926,6,37760,37997,な
927,6,37997,38000,<silence>
928,6,38087,38090,<silence>
929,6,38090,40248,た
930,6,40248,40250,<silence>
931,6,40250,40671,$echo
932,6,40670,40860,$breathing
933,6,40860,41110,に
934,6,41110,41272,げ
935,6,41270,41430,た
936,6,41430,41608,く
937,6,41608,41610,<silence>
938,6,41610,41711,な
939,6,41710,41837,い
940,6,41837,41840,<silence>
941,6,41920,42060,て
942,6,42060,42352,き
943,6,42352,42390,<silence>
944,6,42390,42539,こ
945,6,42539,42540,<silence>
946,6,42540,42669,え
947,6,42669,42712,<silence>
948,6,42712,42983,た
949,6,42983,43194,$breathing
950,6,43194,43373,こ
951,6,43370,43629,れ
952,6,43629,43791,$breathing
953,6,43791,43990,わ
954,6,43990,43993,<silence>
955,6,43993,44228,ぼ
956,6,44228,44328,く
957,6,44328,44330,<silence>
958,6,44330,44490,の
959,6,44485,44630,こ
960,6,44630,45000,え
961,6,45000,45420,<silence>
962,6,45420,45740,い
963,6,45740,45875,か
964,6,45875,45880,<silence>
965,6,45880,46030,い
966,6,46030,46398,じゅ
967,6,46398,46400,<silence>
968,6,46400,46508,か
969,6,46508,46510,<silence>
970,6,46510,46620,い
971,6,46620,46960,ひゃ
972,6,47020,47120,か
973,6,47120,47250,い
974,6,47250,47577,せ
975,6,47577,47580,<silence>
976,6,47580,47650,ん
977,6,47937,47940,<silence>
978,6,47940,48230,ちょ
979,6,48530,48912,を
980,6,48910,49210,つ
981,6,49210,49554,づ
982,6,49550,49789,け
983,6,49789,49790,<silence>
984,6,49790,49930,る
985,6,49930,50253,よ
986,6,50253,50500,$breathing
987,6,50500,50706,ま
988,6,50706,50710,<silence>
989,6,50710,50860,だ
990,6,50860,50863,<silence>
991,6,50863,51040,た
992,6,51040,51180,り
993,6,51180,51322,な
994,6,51320,51530,い
995,6,51530,51790,$breathing
996,6,51790,52291,て
997,6,52290,52459,お
998,6,52459,52460,<silence>
999,6,52460,52687,も
1000,6,52687,52690,<silence>
1001,6,52770,52942,て
1002,6,52940,53186,る
1003,6,53186,53371,$breathing
1004,6,53371,53571,や
1005,6,53570,53712,ま
1006,6,53710,53835,な
1007,6,53835,53840,<silence>
1008,6,53840,53970,い
1009,6,53970,54220,あ
1010,6,54220,54530,め
1011,6,54530,54696,の
1012,6,54696,54700,<silence>
1013,6,54700,54819,な
1014,6,54819,54820,<silence>
1015,6,54820,55250,か
1016,6,55250,55610,$echo
1017,6,55610,55890,ず
1018,6,55890,55891,<silence>
1019,6,55970,56254,と
1020,6,56250,56534,か
1021,6,56530,56589,ん
1022,6,56589,56590,<silence>
1023,6,56590,56740,が
1024,6,56740,56910,え
1025,6,56910,57216,て
1026,6,57216,57220,<silence>
1027,6,57220,57488,か
1028,6,57488,57490,<silence>
1029,6,57490,57540,ん
1030,6,57540,57543,<silence>
1031,6,57543,57670,が
1032,6,57670,57860,え
1033,6,57860,58174,て
1034,6,58170,58423,か
1035,6,58420,58510,ん
1036,6,58510,58690,が
1037,6,58690,58807,え
1038,6,58807,58810,<silence>
1039,6,58810,59130,て
1040,6,59130,59376,み
1041,6,59376,59380,<silence>
1042,6,59380,59480,つ
1043,6,59480,59794,け
1044,6,59790,60010,だ
1045,6,60010,60402,せ
1046,6,60400,60485,$echo
1047,6,60485,60490,<silence>
1048,6,60490,60678,$breathing
1049,6,60678,60746,$echo
1050,6,60746,60897,ぼ
1051,6,60897,60900,<silence>
1052,6,60900,61082,く
1053,6,61080,61232,だ
1054,6,61230,61383,け
1055,6,61380,61725,の
1056,6,61725,61990,$breathing
1057,6,61990,62493,か
1058,6,62490,62992,そ
1059,6,62990,63130,ろ
1060,6,63130,63398,を
1061,6,63398,63536,$breathing
1062,6,63536,63928,しょ
1063,6,63928,63930,<silence>
1064,6,63930,64072,め
1065,6,64069,64230,い
1066,6,64230,64432,し
1067,6,64430,64510,た
1068,6,64510,64711,い
1069,6,64709,64750,ん
1070,6,64750,64849,だ
1071,6,64846,65049,よ
1072,6,65049,65050,<silence>
1073,6,65050,65536,な
1074,6,65536,65730,$breathing
1075,6,65730,66340,そ
1076,6,66340,66522,だ
1077,6,66520,68970,ろ
1078,6,68970,70456,$echo
1079,6,70456,70460,<silence>
1080,6,70460,70771,$breathing
1081,6,70770,71440,そ
1082,6,71440,71635,だ
1083,6,71635,71640,<silence>
1084,6,71640,74177,ろ
1085,6,74177,76881,<silence>
1086,6,76880,76930,あ
1087,6,76930,77204,せ
1088,6,77200,77354,り
1089,6,77350,77510,あ
1090,6,77510,77681,が
1091,6,77680,77746,る
1092,6,77746,77750,<silence>
1093,6,77750,78020,し
1094,6,78017,78150,ん
1095,6,78150,78361,ぱ
1096,6,78360,78754,す
1097,6,78754,78900,$breathing
1098,6,78900,79108,に
1099,6,79108,79110,<silence>
1100,6,79110,79358,う
1101,6,79358,79360,<silence>
1102,6,79360,79718,そ
1103,6,79718,79720,<silence>
1104,6,79720,80042,つ
1105,6,80040,80202,く
1106,6,80400,80743,に
1107,6,80743,81970,<silence>
1108,6,81970,82130,じ
1109,6,82480,82600,を
1110,6,82600,82770,お
1111,6,82767,82863,ち
1112,6,82860,83250,つ
1113,6,83250,83253,<silence>
1114,6,83253,83600,け
1115,6,83600,83841,る
1116,6,83841,84001,$breathing
1117,6,84001,84200,ひ
1118,6,84200,84515,に
1119,6,84515,84660,<silence>
1120,6,84660,84860,く
1121,6,84860,85183,わ
1122,6,85180,85320,い
1123,6,85320,85493,ら
1124,6,85490,85626,な
1125,6,85626,85630,<silence>
1126,6,85630,85994,い
1127,6,85994,86995,<silence>
1128,6,86995,87180,そ
1129,6,87180,87352,れ
1130,6,87350,87530,を
1131,6,87530,87810,こ
1132,6,87810,88352,よ
1133,6,88350,88604,か
1134,6,88600,88680,ん
1135,6,88680,88980,に
1136,6,88980,89146,<silence>
1137,6,89146,89325,お
1138,6,89325,89330,<silence>
1139,6,89330,89780,き
1140,6,89780,89939,か
1141,6,89939,89940,<silence>
1142,6,89940,90269,え
1143,6,90269,90270,<silence>
1144,6,90270,90437,た
1145,6,90437,90440,<silence>
1146,6,90440,90540,ら
1147,6,90540,90921,さ
1148,6,90921,91222,$breathing
1149,6,91222,91570,きょ
1150,6,91570,91717,も
1151,6,91717,91720,<silence>
1152,6,91720,91875,ま
1153,6,91875,91880,<silence>
1154,6,91880,92145,た
1155,6,92145,92367,$breathing
1156,6,92367,92509,い
1157,6,92509,92510,<silence>
1158,6,92510,92675,ど
1159,6,92675,92680,<silence>
1160,6,92680,92837,む
1161,6,92837,92840,<silence>
1162,6,92840,92945,べ
1163,6,92945,92980,<silence>
1164,6,92980,93100,き
1165,6,93097,93465,は
1166,6,93465,93470,<silence>
1167,6,93470,93640,ど
1168,6,93640,93786,る
1169,6,93786,93790,<silence>
1170,6,93790,94060,が
1171,6,94060,94243,$breathing
1172,6,94243,94378,ほ
1173,6,94378,94380,<silence>
1174,6,94380,94696,ら
1175,6,94696,94700,<silence>
1176,6,94700,94890,$breathing
1177,6,94890,95010,み
1178,6,95010,95012,<silence>
1179,6,95012,95344,え
1180,6,95340,95534,た
1181,6,95530,95709,だ
1182,6,95709,95710,<silence>
1183,6,95710,96020,ろ
1184,6,96020,96469,<silence>
1185,6,96469,96746,か
1186,6,96746,96750,<silence>
1187,6,96810,97139,と
1188,6,97139,97140,<silence>
1189,6,97140,97380,の
1190,6,97380,97650,す
1191,6,97645,97748,き
1192,6,97748,98048,ま
1193,6,98048,98050,<silence>
1194,6,98050,98665,で
1195,6,98665,98936,$breathing
1196,6,98936,99368,さ
1197,6,99368,99370,<silence>
1198,6,99370,99697,び
1199,16,0,14564,<silence>
1200,16,14564,14765,か
1201,16,14765,14964,ぜ
1202,16,14960,15480,に
1203,16,15480,15665,ふ
1204,16,15665,15670,<silence>
1205,16,15670,15870,か
1206,16,15865,16050,れ
1207,16,16050,16980,て
1208,16,16980,17500,<silence>
1209,16,17500,17721,だ
1210,16,17720,17900,れ
1211,16,17900,18434,も
1212,16,18434,18602,き
1213,16,18600,18997,づ
1214,16,18997,19000,<silence>
1215,16,19000,19394,か
1216,16,19390,19740,ぬ
1217,16,19740,20148,よ
1218,16,20148,20450,<silence>
1219,16,20450,20670,く
1220,16,20670,20832,べ
1221,16,20830,21450,つ
1222,16,21450,21602,が
1223,16,21600,21770,つ
1224,16,21770,21983,か
1225,16,23039,23360,<silence>
1226,16,23360,23582,も
1227,16,23580,23770,の
1228,16,23770,24340,く
1229,16,24340,24554,ろ
1230,16,24550,24805,の
1231,16,24805,24810,<silence>
1232,16,24810,25240,せ
1233,16,25240,25242,<silence>
1234,16,25242,25609,か
1235,16,25609,25610,<silence>
1236,16,25610,26013,い
1237,16,26013,26340,<silence>
1238,16,26340,26537,い
1239,16,26537,26540,<silence>
1240,16,26540,26710,ろ
1241,16,26710,27277,を
1242,16,27277,27411,た
1243,16,27411,27643,し
1244,16,27640,27825,て
1245,16,27825,27830,<silence>
1246,16,27830,28734,も
1247,16,28730,29310,<silence>
1248,16,29310,29480,な
1249,16,29480,29645,に
1250,16,29645,29650,<silence>
1251,16,29650,30240,も
1252,16,30240,30410,み
1253,16,30410,30414,<silence>
1254,16,30414,30780,え
1255,16,30780,31097,な
1256,16,31097,31100,<silence>
1257,16,31100,31480,く
1258,16,31480,31985,て
1259,16,31985,32231,<silence>
1260,16,32231,32480,ま
1261,16,32480,32632,る
1262,16,32630,33041,で
1263,16,33040,33360,わ
1264,16,33357,33518,た
1265,16,33518,33520,<silence>
1266,16,33520,33709,し
1267,16,33709,33710,<silence>
1268,16,33710,34718,は
1269,16,34718,35190,<silence>
1270,16,35190,35380,い
1271,16,35377,35562,き
1272,16,35560,36053,を
1273,16,36053,36120,<silence>
1274,16,36120,36320,と
1275,16,36320,36659,め
1276,16,36659,36660,<silence>
1277,16,36660,37062,て
1278,16,37060,37364,い
1279,16,37360,40025,た
1280,16,40025,42512,<silence>
1281,16,42512,42926,も
1282,16,42926,43292,い
1283,16,43290,43736,よ
1284,16,43736,44017,<silence>
1285,16,44017,44360,と
1286,16,44360,44364,<silence>
1287,16,44364,44560,く
1288,16,44560,44561,<silence>
1289,16,44561,44762,て
1290,16,44760,45234,も
1291,16,45234,45493,<silence>
1292,16,45493,45860,か
1293,16,45860,45862,<silence>
1294,16,45862,46063,な
1295,16,46060,46230,え
1296,16,46708,46960,<silence>
1297,16,46960,47299,わ
1298,16,47299,47330,<silence>
1299,16,47330,47445,た
1300,16,47445,47450,<silence>
1301,16,47450,47678,し
1302,16,47678,47680,<silence>
1303,16,47680,48171,わ
1304,16,48171,48432,<silence>
1305,16,48432,48798,こ
1306,16,48798,49365,ん
1307,16,49365,49370,<silence>
1308,16,49370,49549,な
1309,16,49549,49550,<silence>
1310,16,49550,49768,せ
1311,16,49768,49770,<silence>
1312,16,49770,49948,か
1313,16,49948,49950,<silence>
1314,16,49950,50318,い
1315,16,50318,50634,<silence>
1316,16,50634,50868,お
1317,16,50868,51167,も
1318,16,51167,51368,い
1319,16,51368,51370,<silence>
1320,16,51370,51813,も
1321,16,51813,52101,<silence>
1322,16,52101,52469,だ
1323,16,52469,52470,<silence>
1324,16,52470,52785,き
1325,16,52785,52790,<silence>
1326,16,52790,53240,し
1327,16,53237,53603,め
1328,16,53603,53737,て
1329,16,53737,53970,い
1330,16,54670,54871,の
1331,16,54871,55271,に
1332,16,55271,55439,ゆ
1333,16,55439,55440,<silence>
1334,16,55440,55817,め
1335,16,55817,55820,<silence>
1336,16,55820,56010,の
1337,16,56006,56539,きゃ
1338,16,56539,56707,ん
1339,16,56707,56710,<silence>
1340,16,56710,57194,ば
1341,16,57190,57470,す
1342,16,57470,57473,<silence>
1343,16,57473,58008,に
1344,16,58008,58210,<silence>
1345,16,58210,58361,い
1346,16,58360,58700,つ
1347,16,58700,58703,<silence>
1348,16,58703,58910,づ
1349,16,58908,59509,け
1350,16,59509,59676,る
1351,16,59676,60243,い
1352,16,60243,60476,み
1353,16,60476,60480,<silence>
1354,16,60480,61001,わ
1355,16,61001,61310,<silence>
1356,16,61310,61712,こ
1357,16,61712,61878,の
1358,16,61878,62412,む
1359,16,62412,62612,ね
1360,16,62612,63402,に
1361,16,63402,63514,<silence>
1362,16,63514,63881,か
1363,16,63881,64224,が
1364,16,64220,64650,や
1365,16,64647,64813,い
1366,16,64813,65349,て
1367,16,65349,65549,い
1368,16,65549,66016,る
1369,16,66016,66320,<silence>
1370,16,66317,66468,す
1371,16,66468,66470,<silence>
1372,16,66470,66820,と
1373,16,66816,70153,り
1374,16,70150,79334,<silence>
1375,16,79334,79560,あ
1376,16,80280,80477,る
1377,16,80477,80480,<silence>
1378,16,80480,80647,こ
1379,16,80647,80650,<silence>
1380,16,80650,80853,と
1381,16,80850,81850,に
1382,16,81850,82280,<silence>
1383,16,82280,82470,い
1384,16,82470,82670,み
1385,16,82665,83233,な
1386,16,83233,83400,ど
1387,16,83400,83766,な
1388,16,83766,84134,い
1389,16,84130,84525,け
1390,16,84525,84530,<silence>
1391,16,84530,85010,ど
1392,16,85010,85269,<silence>
1393,16,85269,85436,ひ
1394,16,85436,85635,ろ
1395,16,85635,86170,い
1396,16,86170,86324,あ
1397,16,86320,86540,つ
1398,16,86540,86740,め
1399,16,86736,87618,た
1400,16,87618,88148,<silence>
1401,16,88148,88390,か
1402,16,88390,88595,け
1403,16,88595,88600,<silence>
1404,16,88600,89010,ら
1405,16,89010,89014,<silence>
1406,16,89014,89177,う
1407,16,89177,89180,<silence>
1408,16,89180,89670,し
1409,16,89670,89673,<silence>
1410,16,89673,90040,な
1411,16,90040,90373,う
1412,16,90370,90721,の
1413,16,90721,91062,<silence>
1414,16,91062,91410,そ
1415,16,91410,91880,し
1416,16,91880,92536,て
1417,16,92536,92540,<silence>
1418,16,92540,93010,よ
1419,16,93010,93380,る
1420,16,93380,94001,は
1421,16,94000,94440,そ
1422,16,94440,94765,の
1423,16,94765,94770,<silence>
1424,16,94770,95010,つ
1425,16,95010,95540,め
1426,16,95540,95844,た
1427,16,95840,96288,さ
1428,16,96288,96290,<silence>
1429,16,96290,96714,を
1430,16,96714,97032,<silence>
1431,16,97032,97380,と
1432,16,97380,97680,か
1433,16,97680,97684,<silence>
1434,16,97684,97950,し
1435,16,97950,98884,て
1436,16,98880,99220,を
1437,16,99215,99582,の
1438,16,99580,100011,ば
1439,16,100010,100699,し
1440,16,100699,100700,<silence>
1441,16,100700,101388,た
1442,16,101388,101390,<silence>
1443,16,101390,101819,も
1444,16,101819,102152,い
1445,16,102150,102611,よ
1446,16,102611,102920,<silence>
1447,16,102920,103290,と
1448,16,103290,103442,く
1449,16,103440,103650,て
1450,16,103650,104331,も
1451,16,104330,104750,と
1452,16,104750,104890,ど
1453,16,104890,105071,け
1454,16,105810,106200,わ
1455,16,106200,106328,た
1456,16,106328,106330,<silence>
1457,16,106330,106517,し
1458,16,106517,106520,<silence>
1459,16,106520,107260,わ
1460,16,107257,107623,う
1461,16,107620,108210,け
1462,16,108210,108214,<silence>
1463,16,108214,108413,と
1464,16,108410,108602,め
1465,16,108600,108790,て
1466,16,108790,109268,く
1467,16,109268,109530,<silence>
1468,16,109530,109720,な
1469,16,109720,109724,<silence>
1470,16,109724,110030,み
1471,16,110030,110251,だ
1472,16,110250,110720,も
1473,16,110720,110960,<silence>
1474,16,110960,111361,だ
1475,16,111361,111704,き
1476,16,111700,112100,し
1477,16,112100,112510,め
1478,16,112510,112514,<silence>
1479,16,112514,112660,て
1480,16,112660,112662,<silence>
1481,16,112662,112862,い
1482,16,113563,113763,の
1483,16,113763,114131,に
1484,16,114131,114331,ゆ
1485,16,114330,114724,め
1486,16,114715,114900,の
1487,16,114900,115430,きゃ
1488,16,115430,115432,<silence>
1489,16,115432,115599,ん
1490,16,115599,116099,ば
1491,16,116099,116365,す
1492,16,116365,116900,に
1493,16,116900,117100,<silence>
1494,16,117100,117670,こ
1495,16,117665,117830,ろ
1496,16,117830,118364,こ
1497,16,118360,118585,め
1498,16,118585,118590,<silence>
1499,16,118590,119059,る
1500,16,119059,119060,<silence>
1501,16,119060,119321,の
1502,16,119320,119874,わ
1503,16,119874,120170,<silence>
1504,16,120170,120537,こ
1505,16,120537,120540,<silence>
1506,16,120540,120720,の
1507,16,120720,121270,そ
1508,16,121270,121271,<silence>
1509,16,121271,121504,ら
1510,16,121500,122082,に
1511,16,122082,122410,<silence>
1512,16,122410,122804,え
1513,16,122800,123140,が
1514,16,123140,123565,き
1515,16,123565,123570,<silence>
1516,16,123570,123710,だ
1517,16,123706,124240,し
1518,16,124240,124441,て
1519,16,124440,124990,く
1520,16,124990,125220,<silence>
1521,16,125217,125362,す
1522,16,125360,125765,と
1523,16,125765,125770,<silence>
1524,16,125770,129050,り
1525,16,129050,138170,<silence>
1526,16,138170,138533,そ
1527,16,138530,139030,し
1528,16,139025,139520,て
1529,16,139520,139751,<silence>
1530,16,139751,140160,よ
1531,16,140157,140491,る
1532,16,140490,140880,は
1533,16,140880,141137,<silence>
1534,16,141137,141590,そ
1535,16,141590,141925,の
1536,16,141925,141930,<silence>
1537,16,141930,142160,つ
1538,16,142160,142637,め
1539,16,142637,142640,<silence>
1540,16,142640,142951,た
1541,16,142950,143364,さ
1542,16,143360,143800,を
1543,16,143800,144139,<silence>
1544,16,144139,144530,と
1545,16,144530,144830,か
1546,16,144830,144834,<silence>
1547,16,144834,145060,し
1548,16,145060,145976,て
1549,16,145976,145980,<silence>
1550,16,145980,146380,を
1551,16,146380,146721,の
1552,16,146720,147191,ば
1553,16,147190,147800,し
1554,16,147800,148299,た
1555,16,148299,148598,<silence>
1556,16,148598,148966,も
1557,16,148966,148970,<silence>
1558,16,148970,149317,い
1559,16,149317,149322,<silence>
1560,16,149322,149782,の
1561,16,149782,150062,<silence>
1562,16,150062,150400,と
1563,16,150400,150595,く
1564,16,150595,150600,<silence>
1565,16,150600,150800,て
1566,16,150800,151245,も
1567,16,151245,151502,<silence>
1568,16,151502,151868,か
1569,16,151868,151870,<silence>
1570,16,151870,152041,な
1571,16,152040,152240,え
1572,16,152699,152970,<silence>
1573,16,152970,153300,わ
1574,16,153300,153302,<silence>
1575,16,153302,153469,た
1576,16,153469,153704,し
1577,16,153700,154136,の
1578,16,154136,154437,<silence>
1579,16,154437,154837,こ
1580,16,154837,154840,<silence>
1581,16,154840,155371,ん
1582,16,155370,155500,な
1583,16,155500,155503,<silence>
1584,16,155503,155770,せ
1585,16,155770,155771,<silence>
1586,16,155771,155938,か
1587,16,155938,155940,<silence>
1588,16,155940,156374,い
1589,16,156374,156673,<silence>
1590,16,156673,156873,お
1591,16,156873,157241,も
1592,16,157241,157407,い
1593,16,157407,157410,<silence>
1594,16,157410,157829,も
1595,16,157829,158082,<silence>
1596,16,158082,158457,こ
1597,16,158457,158460,<silence>
1598,16,158460,158880,と
1599,16,158880,159229,ば
1600,16,159229,159230,<silence>
1601,16,159230,159570,で
1602,16,159570,160540,つ
1603,16,160540,160544,<silence>
1604,16,160544,160676,ん
1605,16,160676,161245,だ
1606,16,161245,161444,ゆ
1607,16,161444,161777,め
1608,16,161777,161979,の
1609,16,161979,162545,きゃ
1610,16,162545,162712,ん
1611,16,162710,163195,ば
1612,16,163195,163200,<silence>
1613,16,163200,163480,す
1614,16,163480,164240,に
1615,16,164240,164410,い
1616,16,164410,164413,<silence>
1617,16,164413,164781,ろ
1618,16,164780,164950,を
1619,16,164950,165411,た
1620,16,165410,165680,し
1621,16,165680,166220,て
1622,16,166220,166420,ゆ
1623,16,166420,167045,く
1624,16,167045,167317,<silence>
1625,16,167317,167751,こ
1626,16,167751,167918,の
1627,16,167918,167920,<silence>
1628,16,167920,168440,む
1629,16,168440,168640,ね
1630,16,168640,169262,に
1631,16,169262,169564,<silence>
1632,16,169564,169920,い
1633,16,169919,170253,ま
1634,16,170250,170610,か
1635,16,170608,170820,が
1636,16,170820,171330,や
1637,16,171330,171590,い
1638,16,171590,172472,て
1639,16,172472,172790,<silence>
1640,16,172790,173130,つ
1641,16,173130,173560,よ
1642,16,173560,173801,く
1643,16,173800,174306,な
1644,16,174306,174310,<silence>
1645,16,174310,174517,く
1646,16,174517,174520,<silence>
1647,16,174520,175060,て
1648,16,175060,175308,も
1649,16,175308,175310,<silence>
1650,16,175310,175995,い
1651,16,175995,176000,<silence>
1652,16,176000,176204,こ
1653,16,176200,176558,わ
1654,16,176558,176560,<silence>
1655,16,176560,176730,れ
1656,16,176727,177227,か
1657,16,177227,177461,け
1658,16,177461,177995,て
1659,16,177995,178000,<silence>
1660,16,178000,178190,も
1661,16,178190,178721,い
1662,16,178721,178930,<silence>
1663,16,178930,179114,こ
1664,16,179110,179500,の
1665,16,179500,180200,こ
1666,16,180197,180364,ろ
1667,16,180364,180931,わ
1668,16,180931,181131,と
1669,16,181130,181659,わ
1670,16,181659,181660,<silence>
1671,16,181660,181900,に
1672,16,181900,182395,は
1673,16,182395,182400,<silence>
1674,16,182400,182600,ば
1675,16,182598,183000,た
1676,16,183000,183165,い
1677,16,183165,183170,<silence>
1678,16,183170,184309,て
1679,16,184309,184600,<silence>
1680,16,184600,185002,ひ
1681,16,185002,185368,び
1682,16,185368,185579,く
1683,16,185579,185580,<silence>
1684,16,185580,186040,よ
1685,16,186036,186336,う
1686,16,186336,186340,<silence>
1687,16,186340,186918,に
1688,16,186918,187170,<silence>
1689,16,187170,187590,ぬ
1690,16,187590,187594,<silence>
1691,16,187594,187910,り
1692,16,187905,188237,か
1693,16,188237,188504,え
1694,16,188504,188938,て
1695,16,188938,189205,い
1696,16,189205,189210,<silence>
1697,16,189210,189674,く
1698,16,189674,189937,<silence>
1699,16,189937,190110,ぱ
1700,16,190110,190672,れ
1701,16,190736,190740,<silence>
1702,16,190740,196807,と
1703,16,196807,220911,<silence>
1704,19,0,20640,<silence>
1705,19,20640,20828,$breathing
1706,19,20828,20830,<silence>
1707,19,20830,21240,あ
1708,19,21240,21410,こ
1709,19,21410,21540,い
1710,19,21540,21690,の
1711,19,21690,21899,て
1712,19,21899,21900,<silence>
1713,19,21900,22040,ぎ
1714,19,22040,22131,が
1715,19,22130,22274,わ
1716,19,22270,22358,か
1717,19,22358,22360,<silence>
1718,19,22360,22440,ん
1719,19,22440,22579,な
1720,19,22579,22580,<silence>
1721,19,22580,22765,い
1722,19,22765,22770,<silence>
1723,19,22770,22860,ま
1724,19,22856,22950,ず
1725,19,22950,22952,<silence>
1726,19,22952,23040,す
1727,19,23040,23151,き
1728,19,23150,23262,て
1729,19,23260,23360,き
1730,19,23360,23470,じゅ
1731,19,23470,23622,ん
1732,19,23620,23783,も
1733,19,23780,23903,わ
1734,19,23900,24022,か
1735,19,24020,24130,ん
1736,19,24130,24270,な
1737,19,24270,24368,い
1738,19,24368,24370,<silence>
1739,19,24370,24510,よ
1740,19,24510,24651,わ
1741,19,24650,24757,こ
1742,19,24757,24760,<silence>
1743,19,24760,24880,い
1744,19,24880,24994,し
1745,19,24990,25099,て
1746,19,25099,25100,<silence>
1747,19,25100,25177,る
1748,19,25177,25180,<silence>
1749,19,25180,25287,と
1750,19,25287,25290,<silence>
1751,19,25290,25354,き
1752,19,25350,25480,が
1753,19,25480,25560,こ
1754,19,25560,25725,い
1755,19,25725,25730,<silence>
1756,19,25730,25840,ら
1757,19,25840,25843,<silence>
1758,19,25843,26109,し
1759,19,26109,26110,<silence>
1760,19,26110,26293,きゃ
1761,19,26357,26530,か
1762,19,26530,26600,ん
1763,19,26600,26767,しゅ
1764,19,26767,26770,<silence>
1765,19,26770,26912,か
1766,19,26910,26960,ん
1767,19,26960,27094,え
1768,19,27090,27182,び
1769,19,27180,27336,で
1770,19,27336,27340,<silence>
1771,19,27340,27397,ん
1772,19,27397,27400,<silence>
1773,19,27400,27500,す
1774,19,27870,27970,$breathing
1775,19,27970,28114,あ
1776,19,28110,28210,い
1777,19,28207,28330,わ
1778,19,28330,28410,け
1779,19,28410,28548,い
1780,19,28548,28550,<silence>
1781,19,28550,28750,さ
1782,19,28750,28860,ん
1783,19,28860,28980,じゃ
1784,19,28980,29072,と
1785,19,29070,29191,け
1786,19,29190,29311,な
1787,19,29310,29477,い
1788,19,29477,29480,<silence>
1789,19,29480,29595,ま
1790,19,29595,29600,<silence>
1791,19,29600,29721,ず
1792,19,29720,29853,ふ
1793,19,29850,29980,つ
1794,19,29980,30160,の
1795,19,30160,30237,け
1796,19,30237,30240,<silence>
1797,19,30240,30380,い
1798,19,30380,30480,さ
1799,19,30480,30600,ん
1800,19,30597,30680,も
1801,19,30680,30779,と
1802,19,30779,30780,<silence>
1803,19,30780,30891,け
1804,19,30890,31050,な
1805,19,31050,31170,い
1806,19,31170,31280,よ
1807,19,31280,31347,わ
1808,19,31347,31448,そ
1809,19,31448,31450,<silence>
1810,19,31450,31588,な
1811,19,31588,31590,<silence>
1812,19,31730,31884,た
1813,19,31880,32060,い
1814,19,32060,32220,が
1815,19,32220,32351,あ
1816,19,32350,32420,い
1817,19,32420,32533,ら
1818,19,32530,32688,し
1819,19,32688,32690,<silence>
1820,19,32690,32850,い
1821,19,32850,32939,あ
1822,19,32939,32940,<silence>
1823,19,32940,33090,い
1824,19,33090,33269,の
1825,19,33269,33270,<silence>
1826,19,33270,33480,ゆ
1827,19,33480,33484,<silence>
1828,19,33484,33716,の
1829,19,33716,33720,<silence>
1830,19,33720,33920,も
1831,19,33920,34020,た
1832,19,34020,34150,い
1833,19,34150,34151,<silence>
1834,19,34151,34283,て
1835,19,34280,34368,い
1836,19,34368,34370,<silence>
1837,19,34370,34590,の
1838,19,34590,34767,じ
1839,19,34767,34770,<silence>
1840,19,34770,34997,しょ
1841,19,34997,35000,<silence>
1842,19,35000,35051,に
1843,19,35051,35082,お
1844,19,35082,35161,お
1845,19,35160,35405,い
1846,19,35405,35410,<silence>
1847,19,35410,35638,て
1848,19,35638,35640,<silence>
1849,19,35830,35946,が
1850,19,35946,35950,<silence>
1851,19,35950,36200,あ
1852,19,36290,36478,て
1853,19,36478,36480,<silence>
1854,19,36648,36750,を
1855,19,36750,36791,だ
1856,19,36791,36970,だ
1857,19,36970,37093,し
1858,19,37090,37204,て
1859,19,37200,37318,と
1860,19,37318,37320,<silence>
1861,19,37320,37546,け
1862,19,37546,37550,<silence>
1863,19,37550,37720,る
1864,19,37720,37920,の
1865,19,37920,38155,に
1866,19,38155,38160,<silence>
1867,19,38160,38281,か
1868,19,38280,38390,ん
1869,19,38390,38490,ち
1870,19,38490,38749,が
1871,19,38749,38750,<silence>
1872,19,38816,38820,<silence>
1873,19,38820,39019,て
1874,19,39019,39020,<silence>
1875,19,39020,39197,ま
1876,19,39197,39200,<silence>
1877,19,39200,39334,ち
1878,19,39330,39588,が
1879,19,39588,39590,<silence>
1880,19,39660,39862,て
1881,19,39860,39960,か
1882,19,39960,40088,い
1883,19,40088,40090,<silence>
1884,19,40090,40198,の
1885,19,40198,40200,<silence>
1886,19,40200,40277,な
1887,19,40277,40280,<silence>
1888,19,40280,40401,い
1889,19,40400,40509,こ
1890,19,40509,40510,<silence>
1891,19,40510,40705,の
1892,19,40705,40710,<silence>
1893,19,40710,40930,き
1894,19,40930,41105,も
1895,19,41105,41110,<silence>
1896,19,41110,41321,ち
1897,19,41320,41520,わ
1898,19,41520,41524,<silence>
1899,19,41524,41859,な
1900,19,41859,41860,<silence>
1901,19,41860,42194,あ
1902,19,42190,42360,だ
1903,19,42360,42790,ろ
1904,19,42790,43097,け
1905,19,43097,43100,<silence>
1906,19,43100,43190,ん
1907,19,43190,43192,<silence>
1908,19,43192,43627,しょ
1909,19,43926,43930,<silence>
1910,19,43930,44122,ふ
1911,19,44120,44198,め
1912,19,44198,44200,<silence>
1913,19,44200,44510,い
1914,19,44510,44880,りょ
1915,19,44880,45146,<silence>
1916,19,45368,45370,<silence>
1917,19,45779,45780,<silence>
1918,19,45780,46014,も
1919,19,46010,46360,しょ
1920,19,46360,46540,わ
1921,19,46540,46842,そ
1922,19,47220,47340,に
1923,19,47340,47471,す
1924,19,48000,48262,<silence>
1925,19,48262,48700,ちゅ
1926,19,49566,49570,<silence>
1927,19,49570,49696,み
1928,19,49696,49700,<silence>
1929,19,49700,49837,つ
1930,19,49837,49840,<silence>
1931,19,49840,50007,め
1932,19,50007,50010,<silence>
1933,19,50010,50130,あ
1934,19,50217,50360,た
1935,19,50425,50635,た
1936,19,50635,50640,<silence>
1937,19,50640,50742,て
1938,19,50740,50952,と
1939,19,50950,51063,け
1940,19,51060,51130,な
1941,19,51130,51270,い
1942,19,51270,51394,め
1943,19,51390,51630,ろ
1944,19,52503,52880,<silence>
1945,19,52940,53281,い
1946,19,53280,53377,ま
1947,19,53377,53380,<silence>
1948,19,53749,53750,<silence>
1949,19,54040,54103,で
1950,19,54100,54348,あ
1951,19,54348,54350,<silence>
1952,19,54350,54470,か
1953,19,54470,54814,そ
1954,19,54810,55054,か
1955,19,55050,55177,こ
1956,19,55177,55180,<silence>
1957,19,55180,55282,と
1958,19,55280,55397,ば
1959,19,55397,55400,<silence>
1960,19,55400,55488,で
1961,19,55488,55490,<silence>
1962,19,55490,55597,う
1963,19,55597,55600,<silence>
1964,19,55600,55703,み
1965,19,55700,55798,だ
1966,19,55798,55800,<silence>
1967,19,55800,55915,す
1968,19,55915,55920,<silence>
1969,19,56487,56490,<silence>
1970,19,56765,56770,<silence>
1971,19,56770,56982,は
1972,19,56980,57197,と
1973,19,57197,57200,<silence>
1974,19,57200,57299,で
1975,19,57299,57300,<silence>
1976,19,57300,57405,た
1977,19,57405,57410,<silence>
1978,19,57410,57506,か
1979,19,57506,57510,<silence>
1980,19,57720,57980,さ
1981,19,58174,58408,さ
1982,19,58408,58410,<silence>
1983,19,58410,58540,は
1984,19,58540,58706,か
1985,19,58779,58780,<silence>
1986,19,58780,59040,た
1987,19,59078,59080,<silence>
1988,19,59080,59290,て
1989,19,60150,60460,ぼ
1990,19,60460,60530,く
1991,19,60527,60777,ら
1992,19,60777,60780,<silence>
1993,19,60780,61000,の
1994,19,61379,61380,<silence>
1995,19,61800,62260,ちゅ
1996,19,63057,63060,<silence>
1997,19,63060,63325,ちゅ
1998,19,63325,63330,<silence>
1999,19,63330,63510,に
2000,19,63510,63645,ま
2001,19,63742,63850,た
2002,19,63949,64057,た
2003,19,64057,64060,<silence>
2004,19,64060,64132,て
2005,19,64129,64349,し
2006,19,64349,64474,ん
2007,19,64474,64480,<silence>
2008,19,64480,64587,じ
2009,19,64587,64590,<silence>
2010,19,64590,64680,な
2011,19,64680,64791,い
2012,19,64790,64918,け
2013,19,64918,64920,<silence>
2014,19,64920,65197,ど
2015,19,65197,65200,<silence>
2016,19,65200,65628,ふぉ
2017,19,65628,65630,<silence>
2018,19,66437,66470,<silence>
2019,19,66470,66560,い
2020,19,66560,66710,ま
2021,19,66710,66900,わ
2022,19,67480,67564,す
2023,19,67560,67750,ら
2024,19,67745,67856,ば
2025,19,67856,67860,<silence>
2026,19,67860,67942,ぐ
2027,19,67940,68020,り
2028,19,68020,68389,そ
2029,19,68389,68390,<silence>
2030,19,68390,68591,だ
2031,19,68590,68730,な
2032,19,68730,68810,ん
2033,19,68810,68908,で
2034,19,68908,68910,<silence>
2035,19,68910,69013,か
2036,19,69010,69112,お
2037,19,69110,69230,し
2038,19,69230,69339,え
2039,19,69339,69340,<silence>
2040,19,69340,69447,て
2041,19,69447,69450,<silence>
2042,19,69650,69820,ら
2043,19,70019,70020,<silence>
2044,19,70020,70265,ら
2045,19,70265,70270,<silence>
2046,19,70270,70350,か
2047,19,70350,70435,ん
2048,19,70435,70440,<silence>
2049,19,70440,70590,そ
2050,19,70590,70717,う
2051,19,70717,70720,<silence>
2052,19,70720,70790,き
2053,19,70787,70888,か
2054,19,70888,70890,<silence>
2055,19,70890,71025,せ
2056,19,71025,71030,<silence>
2057,19,71030,71140,て
2058,19,71339,71520,ま
2059,19,71770,71968,ま
2060,19,71968,71970,<silence>
2061,19,71970,72120,よ
2062,19,72120,72405,そ
2063,19,72405,72410,<silence>
2064,19,72410,72590,く
2065,19,72590,72814,ふ
2066,19,72810,72925,か
